code;name;street;city;postalcode;lat;lng
FI 006-2 EC;Palvimestarit MM Oy;Alastaron teollisuustie 10;Loimaa;32440;60.9396085;22.8627546
FI 014-1 EC;Hauhalan Hanhifarmi;Hipsunniementie 61;Mikkeli;50150;61.6877823;27.2731918
FI 019-1 EC;Auran Palvituote Oy;Huuskantie 7;Aura;21380;60.6538455;22.5898380
FI 044-1 EC;Liha REM Oy;Kymenrannantie 106;Iitti;47400;60.9081957;26.3288631
FI 049-3 EC;Valio Oy Espoon toimitustukku;Orionintie 18-22;Espoo;02200;60.1807450;24.7681241
FI 060-1 EC;Marskogens Lamm;Landströmsgatan 21 Svartsmara;Finström/Åland;22310;60.2489226;19.8740031
FI 065-1 EC;Bolstaholm Charolais;Bolstaholmsvägen 22;Åland;22340;60.3548163;19.8778552
FI 065-2 EC;Ulfsby Gård;Ulfsbyvägen 53;Åland;22150;60.1623206;19.9256071
FI 065-3 EC;Käringsunds Viltslakteri;Käringsundsvägen 54;Åland;22270;60.2282971;19.5497014
FI 065-4 EC;Solhagens Gård Ab;Mångstektavägen 507;Åland;22530;60.2338051;20.1804396
FI 091-10 EC;Lihakauppa Roslund Oy;Työpajakatu 2;Helsinki;00580;60.1666204;24.9435408
FI 091-16 EC;Kruunu Herkku Oy;Tehtaankatu 12;Juva;51900;61.8961369;27.8597270
FI 091-16 EC;Kruunu Herkku Oy;Tehtaantie 12;Juva;51900;61.9030622;27.8083616
FI 091-18 EC;Valio Oy;Vanha Talvitie 2;Helsinki;00580;60.1892587;24.9736979
FI 091-18 EC;Valio Oy Helsingin pikatukku;Vanha talvitie 2;Helsinki;00580;60.1892587;24.9736979
FI 091-18 EC;Valio Oy Helsingin Pikatukku;Vanha Talvitie 2;Helsinki;00580;60.1892587;24.9736979
FI 092-5 EC;Valio Oy Vantaan Pikatukku;Niittytie 12;Vantaa;01510;60.2941074;24.9956786
FI 092-5 EC;Valio Oy Vantaan pikatukku;Niittytie 12;Vantaa;01510;60.2941074;24.9956786
FI 102-3 EC;Tilateurastamo Koivuranta;Rantatie 284;Huittinen;32700;61.1195649;22.6675958
FI 1137518 EC;Snafu Oy;Koivunoksa 17;KERAVA;04200;60.4262831;25.1220251
FI 13302 EC;Wätteros Gård;;Lemland;22610;60.0690169;20.0860081
FI 1340 EC;Palviliha Oy;Kirjapainotie 4;Kouvola;45610;60.8679237;26.7041116
FI 140-2 EC;Väisäsen Kotiliha Jouko Väisänen;Kuopiontie 1056;Iisalmi;74520;63.4605892;27.3139355
FI 1425 EC;Clean Foods Nordic Oy;Karantie 2;Espoo;02600;60.2049651;24.6559808
FI 1428 EC;Spartao Oy;Nihtisillantie 3;Espoo;02630;60.2081829;24.7543525
FI 1429 EC;Baba Döner tuotantolaitos;Kavallinpelto 13;Espoo;02710;60.2248132;24.7376229
FI 1430 EC;Maku Pro Oy;Juvan teollisuuskatu 30;Espoo;02920;60.2796737;24.7606220
FI 145-2 EC;Ilmajoen makkaramestarit;Luovantie 223;Ilmajoki;60760;62.6747344;22.7062357
FI 145-2 EC;Ilmajoen Makkaramestarit Oy;Luovantie 223;Pojanluoma;60760;62.6747344;22.7062357
FI 1450 EC;Kivikylän Kotipalvaamo Oy Euran laitos;Kariniementie 2;Eura;27510;61.1402057;22.1804704
FI 148-4 EC;Ivalojoen Poro Oy;Tolosentie 947;Inari;99800;68.5934816;27.3691364
FI 148-5 EC;Inarin Luonnonporo;Korppivaarantie 1;Inari;99800;68.6129227;27.5245235
FI 152-2 EC;Hahtolan Liha Oy;Seljäntie 61;Isokyrö;61550;62.8969742;22.3638972
FI 1520 EC;Atria Suomi Oy / Atria Finland Ltd;Rantapuisto 47;Forssa;30100;60.8221512;23.6123212
FI 1521 EC;Hakala Foods Oy;Saksankatu 4-6;Forssa;30100;60.8210399;23.6478120
FI 1570 EC;Takaladon Liha ja Kala Oy;Jokelantie 34;Hamina;49400;60.5644808;27.2885140
FI 167-14 EC;Joen Leipurit Oy;Latolankatu 20;Joensuu;80160;62.6177920;29.8290741
FI 167-6 EC;Joensuun Herkkuleipomo Oy;Latolankatu 17;Joensuu;80160;62.6146202;29.8289316
FI 179-1 EC;H-Lihapalvelut Ky;Palokankaantie 2, 40320 Jyväskylä;Jyväskylä;40321;62.2870294;25.8107903
FI 179-4 EC;Keski-Suomen Lihavarras Oy;Simontie 1;Laukaa;41400;62.2599191;26.2100329
FI 18 EC;HKFoods Finland Oy;Teollisuuskatu 17;Forssa;30420;60.8231570;23.5981217
FI 181-1 EC;Jämin Rahtipalvi Oy;Jämintie 4 A 3;Jämijärvi;38800;61.8133257;22.7112349
FI 1825 EC;Lihakonttori Oy;Vanha talvitie 8;Helsinki;00580;60.1910231;24.9756624
FI 1828 EC;Lihatukku Veijo Votkin Oy;Vanha talvitie 8;Helsinki;00580;60.1910231;24.9756624
FI 1828 EC;Veijo Votkin Oy;Vanha talvitie 8;Helsinki;00580;60.1910231;24.9756624
FI 1840 EC;Heikin Liha Oy;Työpajankatu 2;Helsinki;00580;60.1905768;24.9717972
FI 1841 EC;Biomed Oy;Sirrikuja 4 D;Helsinki;00940;60.2306777;25.0772810
FI 1842 EC;Deniss Ceylan Oy;Ilveskaari 17;Nurmijärvi;01900;60.4546756;24.8347053
FI 1844 EC;Reinin Liha Oy;Työpajakatu 2;Helsinki;00580;60.1666204;24.9435408
FI 1845 EC;Lagerblad Foods Oy;Hermannin rantatie 20;Helsinki;00580;60.1933175;24.9763021
FI 1854 EC;Wihuri Metro-tukku Konepaja;Bruno Granholmin kuja 2;Helsinki;00510;60.1931306;24.9470308
FI 1920 EC;Naapurin Maalaiskana Oy Honkajoen laitos;Kirkkokallio 3;Honkajoki;38950;61.9930250;22.2637409
FI 1944 EC;Saarioisten Säilyke Oy;Teollisuustie 4;Huittinen;32700;61.1893757;22.6852909
FI 1947 EC;Kivikylän Kotipalvaamo Oy;Palvarinkatu 10;Huittinen;32700;61.1905268;22.6817061
FI 1948 EC;Landeli  Group Oy Huittisten laitos;Takkulantie 11;Huittinen;32700;61.1972789;22.6953940
FI 1949 EC;Ritakallion Lähiliha Oy;Teollisuustie 5-7;Huittinen;32700;61.1912701;22.6848535
FI 2000 EC;Kotipalvi Oy;Ojanpolventie 1;Humppila;31640;60.9333330;23.3666670
FI 201 EC;Atria Suomi Oy / Atria Finland Ltd;Atriantie 1;Seinäjoki;60550;62.8417513;22.9572916
FI 205 EC;HKFoods Finland Oy Euran laitos;Kariniementie 2;Eura;27510;61.1402057;22.1804704
FI 206 EC;Länsi-Kalkkuna Oy;Säkyläntie 120;Säkylä;27800;61.0637419;22.3263584
FI 2063 EC;Lihatukkuliike Lihakas Oy;Kivikonkierto 5;Hyvinkää;05460;60.6097522;24.8785501
FI 2064 EC;Kartanon Riista Oy;Kytäjäntie 846;Hyvinkää;05720;60.6128448;24.7289429
FI 212 EC;Jussi LJK Oyj/ Finnwild;Nerkkoonniementie 1111;Lapinlahti;74100;63.3659410;27.3907106
FI 213-1 EC;T:mi Roinilan Karjatila;Petäisenpääntie 150;Kangasniemi;51430;61.9638905;26.8922229
FI 215 EC;Naapurin Maalaiskana Oy;Tiemestarintie 6;Lieto;21360;60.5711531;22.4285347
FI 216 EC;HKFoods Finland Oy;Lakarinkatu 27;Rauma;26510;61.1561257;21.5871034
FI 22 EC;Atria Suomi Oy / Atria Finland Ltd;Atriantie 1;Seinäjoki;60550;62.8417513;22.9572916
FI 22 EC;Atria Suomi Oy;Atriantie 1;Nurmo;60550;62.8417513;22.9572916
FI 22002 EC;Brändö Lax;;Åva;22940;60.4586348;21.0767154
FI 22003 EC;Ab Chipsters Food Oy;Karlbergsvägen 7;Åland;22100;60.1256938;19.9487545
FI 22003 EC;Ab Chipsters Food Oy;Karlbergsvägen 7;Mariehamn;22100;60.1256938;19.9487545
FI 22006 EC;Enklinge Fiskprodukter;;Enklinge;22830;60.3439813;20.7656555
FI 22010 EC;M.A.T Fish Ab;Flisövägen 204;Föglö;22710;60.0099760;20.3468180
FI 22012 EC;Storfjärdens Fisk Ab;Käringsundsvägen 118;Eckerö;22270;60.2282971;19.5497014
FI 22014 EC;Lasses Fisk;Mjökbackavägen;Föglö;22710;60.0107325;20.4246997
FI 22020 EC;Storfjärdens Fisk Ab;Torpvägen 114;Eckerö;22270;60.2015000;19.5716937
FI 22023 EC;Nordic Trout Ab;Fiskehamnsvägen 10;Föglö;22710;60.0107325;20.4246997
FI 22029 EC;Fiskkojan;Fiskehamnsvägen 17;Mariehamn;22100;60.1024230;19.9412600
FI 22030 EC;Nima Ab;Västansundabyaväg 143;Gottby;22130;60.1304124;19.8232778
FI 22031 EC;Fina fisken Åland Ab;Lövdalsvägen 1;Jomala;22150;60.1316437;19.9378202
FI 22032 EC;Woivalin Jan-Henrik;Ämnäsgatan 44;Godby;22410;60.2073953;19.9735695
FI 22033 EC;Fifax Ab;Industrivägen 115;Eckerö;22270;60.2076259;19.5582606
FI 22034 EC;Carelian Caviar Marketing Ab;Fågelvägen 30;Hammarland;22240;60.1990138;19.7391312
FI 22035 EC;Fiskefartyget LindaMari Kb;Brinkgränd 33;Hammarland;22240;60.1956366;19.7816651
FI 22035 EC;Fiskefartyget LindaMari Kb;Brinkgränd 33;Åland;22240;60.1956366;19.7816651
FI 2223 EC;Saamelaisalueen koulutuskeskus;Toivoniementie 290;Inari;99910;69.1045879;27.1350355
FI 2224 EC;Sevetin Kiela;Sevettijärventie 9011 a;Ivalo;99800;68.6588185;27.5348114
FI 2225 EC;NorDeli Oy;Sevettijärventie 12206;Inari;99940;69.6644027;29.1040817
FI 2235 EC;Viltgården Oy;Mariebergintie 110;Inkoo;10210;60.0254737;23.8734410
FI 2237 EC;Liha Lehtinen Oy;Västankvarnintie 468;Inkoo;10230;60.0762853;23.8789703
FI 224-1 EC;Kiven Tilateurastamo;Uusitilantie 65;Karkkila;03600;60.4907707;24.1994312
FI 2291 EC;Kotileipomo Viipukka Oy;Harjunraitti 17;Joensuu;81280;62.9137467;30.2530816
FI 232-2 EC;Kauhajoen Palvaamo Oy;Rapakontie 12;Kauhajoki;61850;62.4466581;22.1971713
FI 232-3 EC;Rantalan Liha;Vuorenmäentie 264;Kauhajoki;61800;62.4129334;22.1186419
FI 232-4 EC;Kometos Mobile-teurastamo;Keskustie 23;Kauhajoki;61800;62.4593925;22.2012090
FI 233-1 EC;Domretor Oy;Leipomonkuja 6;Kauhava;62200;63.1082553;23.0720428
FI 2380 EC;Puljonki Oy;Vepsänjoentie 10;Juuka;83900;63.2473046;29.2426332
FI 2407 EC;Tmi Seppo T. Halonen;Ukonvuorentie 121 B;Juva;51760;61.7713979;27.6596505
FI 243-1 EC;Kimito Gårdsslakteri /Greger Gustafsson;Hörnvägen 22;Kemiönsaari;25700;60.1575732;22.6425648
FI 2511 EC;Karisalmen Kotiliha;Karisalmentie 59;Jämsä;42100;61.8637802;25.1897493
FI 2530 EC;Wursti Oy;Puurtajankatu 3;Järvenpää;04440;60.5007279;25.0772497
FI 2531 EC;Wok Wok Herkku Ruoka Oy;Wärtsilänkatu 61;Järvenpää;04440;60.4972134;25.0681292
FI 2532 EC;Phoom Thai Oy;Sibeliuksenkatu 15;Järvenpää;04400;60.4727446;25.0892675
FI 26 EC;Atria Suomi Oy / Atria Finland Ltd;Suluntie 1;Jyväskylä;40340;62.2711074;25.8134895
FI 261-2 EC;Levi Food Oy;Pakatintie 371;Kittilä;99100;67.6758982;24.9114489
FI 261-3 EC;Arcti Food Oy;Ounasjoentie 5367;Kittilä;99340;68.1546665;24.1979781
FI 261-4 EC;NiliReindeer Oy;Pakatintie 371;Kittilä;99100;67.6758982;24.9114489
FI 2611 EC;Finnsoy Oy;Autoilijankatu 7;Kaarina;20780;60.4207368;22.3758807
FI 263-1 EC;Remeskylän Kotiliha;Remesjoentie 430;Kiuruvesi;74940;63.7810166;26.3689912
FI 2710 EC;Resta-Menu Oy;Lentolantie 32;Kangasala;36620;61.4750084;23.9859829
FI 2710 EC;Resta-Menu Oy;Lentolantietie 32;Kangasala;36620;61.4715042;24.3261795
FI 2711 EC;Sausages Finland Oy;Kolmihaarankatu 9 C 1;Tampere;33330;61.5032243;23.5832640
FI 272-1 EC;Kokkolan Ammattiopisto;Närvilänkatu 8;Kokkola;67100;63.8366561;23.1576889
FI 2750 EC;Roinilan Aromiliha Oy;Lastutie 3;Kangasniemi;51200;62.0082724;26.6424636
FI 2760 EC;Huhtahyvät Oy;Santamaankatu 2;Kankaanpää;38700;61.8146698;22.3999553
FI 2807 EC;Päntäneen Metsästysseura ry;;Kauhajoki;;62.4317480;22.1841988
FI 2815 EC;DoBa Liha Oy;Knuuttilanraitti 240;Kauhava;62310;63.2736254;22.8190093
FI 2843 EC;PoroLappi Oy;Sysimiehentie 14;Kemijärvi;98120;66.7244381;27.3724665
FI 2844 EC;Aihkiporo;Salmivaarantie 17 b;Salla;98660;66.8327250;28.4344155
FI 29 EC;Veljekset Rönkä Oy;Mahlatie 7;Kemi;94200;65.7784946;24.5554195
FI 2901 EC;Keminmaan Riistajalostus Oy;Pysäkkitie 74 B;Keminmaa;95319;65.8574283;24.5847535
FI 293-2 EC;Tenhon tilan tilateurastamo;Järventaustantie 563;Ulvila;29340;61.5388581;22.1089765
FI 2940 EC;Savuhovi Oy;Koivunoksa 9;Kerava;04200;60.4265040;25.1228424
FI 2943 EC;Milab Oy;Posliinitehtaankatu 12;Kerava;04260;60.3843936;25.1074270
FI 2944 EC;PNM-Chipsters Oy;Jäspilänkatu 29;Kerava;04260;60.3879960;25.1047279
FI 2950 EC;Paakarit Keri Hyvä Oy;Vanhanpappilantie 8;Kerimäki;58200;61.9183189;29.2759081
FI 2960 EC;Vaissi Oy / Ruokapakastetehdas;Riihontie 536 C;Keuruu;42800;62.2355817;24.4329248
FI 2990 EC;Bonus Carnis Oy;Myllypurontie 2;Kitee;59800;61.8196115;29.7382878
FI 3 EC;W.J. Dahlman Ab;PB 78;Maarianhamina;22100;60.1024230;19.9412600
FI 302 EC;Hirvassalmenvaaran poroteurastamo;Kittiläe;Inari;99800;68.9062456;27.0260771
FI 3030 EC;Feelia Oy;Asentajantie 10;Kokkola;67400;63.8258053;23.1581031
FI 3030 EC;Feelia Oy;Asentajantie 10;Kokkola;67600;63.8258053;23.1581031
FI 3040 EC;Kuivalihahäkit Risto Saukkoriipi;Nuottavaarantie 31;Kolari;95860;67.0935390;24.4401049
FI 305-1 EC;Kuusamon Liha- ja Pakkauspalvelu M. Määtttä;Eskontie 16;Kuusamo;93600;65.9860893;29.1904574
FI 3060 EC;Kotileipomo Riikonen Oy;Palokankaantie 1;Lehmo;80710;62.6761671;29.7860064
FI 3060 EC;Kotileipomo Riikonen Oy;Palokankaantie 1;Kontiolahti;80710;62.6761671;29.7860064
FI 3081 EC;Kotkan Lihamestarit Oy;Vasaratie 8 B;Kotka;48400;60.5011897;26.8606424
FI 3103 EC;Muhniemen lahtivaja;Ahviontie 260;Kouvola;46960;60.6748034;26.6903675
FI 3104 EC;Finnish Food Factory;Tiilitie 4;Kouvola;45200;60.8757023;26.7806467
FI 311 EC;Karigasniemen poroteurastamo;Ailikkaantie 284;Utsjoki;99800;69.9025546;27.0743682
FI 312 EC;Sodankylän poroteurastamo;Ivalontie 580;Sodankylä;99600;67.4814481;26.6045871
FI 314 EC;Sevettijärven poroteurastamo;Sevettijärventie 9700;Inari;99800;69.0673547;27.4455321
FI 315 EC;Angelin poroteurastamo;Angelintie;Inari;99870;68.9315464;26.8527094
FI 3152 EC;Savo-Karjalan Liha Oy;Pioneerinkatu 26;Kuopio;70800;62.8443926;27.5918227
FI 3153 EC;Eväsmiehet Oy;Kisällinkuja 18;Kuopio;70780;62.8661682;27.6203787
FI 3154 EC;Savo-Karjalan liha Oy;Naulakatu 2;Kuopio;70800;62.8207769;27.6092409
FI 3154 EC;Savo-Karjalan Liha Oy;Naulakatu 2;Kuopio;70800;62.8207769;27.6092409
FI 3155 EC;Anton & Anton Ruokatehdas;Satulasepänkatu 4;Kuopio;70700;62.8671404;27.6309449
FI 3156 EC;Leipomoliike Irene Partanen Oy;Inkilänmäenkatu 19;Kuopio;70340;62.9090307;27.6801065
FI 316 EC;Sallan poroteurastamo;Tuomiotie 13;Salla;98900;66.8150520;28.5854778
FI 317 EC;Kittilän poroteurastamo;Pakatintie 130;Kittilä;99100;67.6684905;24.9293231
FI 3170 EC;Kuusamon lihatuote Oy;Kaamostie 1;Kuusamo;93600;65.9568335;29.1418397
FI 3170 EC;Kuusamon Lihatuote Oy;Kaamostie 1;Kuusamo;93600;65.9568335;29.1418397
FI 318 EC;Vuomaselän poroteurastamo Oy;Teurastamontie 96;Sodankylä;99800;68.3067156;27.2864424
FI 319-1 EC;Lallin Lammas Oy;Mikolanlenkki 80;Köyliö;27730;61.1190832;22.3077749
FI 320 EC;Toivoniemen poroteurastamo;Toivoniementie 290;Inari;99910;69.1045879;27.1350355
FI 3200 EC;Perinnepalvi Kurkela Oy;Hähkäniementie 225;Kärkölä;16600;60.8626662;25.2400219
FI 321 EC;Ranuan poroteurastamo;Pudasjärventie;Ranua;97700;65.9235183;26.5082820
FI 322 EC;Osuuskunta Kuivaniemen Tilaliha;Lehtolantie 9;Ii;95130;65.3218756;25.3716223
FI 323 EC;Kemijärven poroteurastamo;Sysimiehentie 14;Kemijärvi;98120;66.7244381;27.3724665
FI 324 EC;Posion poroteurastamo;Kuusamontie 21 A;Posio;97900;66.1080437;28.1786917
FI 325 EC;Pudasjärven pienteurastamo;Jyrkkäkoskentie 13;Pudasjärvi;93100;65.3907152;26.9827029
FI 3252 EC;Liha Meronen;Sopenkorvenkatu 6;Lahti;15800;60.9789769;25.6323404
FI 3254 EC;Lihasampo Oy;Lekakatu 2;Lahti;15700;60.9335173;25.5913847
FI 326 EC;Kuusamon Poroteurastamo Oy;Revontulentie 17;Kuusamo;93600;65.9575352;29.1415200
FI 329 EC;Aavasaksan Poro;Varpumäki 8;Ylitornio;95600;66.2990246;23.6728351
FI 330 EC;Utsjoen Poroteurastamo;Skalluvaarantie;Utsjoki;99980;69.7998256;27.0948855
FI 331 EC;Lapin Poro ja Riista Oy;Nikkarinkuja 5;Rovaniemi;96910;66.5409230;25.7854019
FI 332663 EC;Lounasitu Oy;Häntelänkuja 15;LIETO;21360;60.5644926;22.4443092
FI 3561 EC;Säilyke  Herttua Oy;Hallitie 3;Uurainen;41230;62.4904556;25.4436123
FI 3610 EC;Pielisruoka Oy;Pokrontie 5;Lieksa;81720;63.2998095;30.0539505
FI 3630 EC;Dynameat Oy;Kiviniementie 21;Pöytyä;21900;60.9089735;22.4969209
FI 3631 EC;Landeli Group Oy;Länsi-Avantintie 8;Lieto;21420;60.4702986;22.3793080
FI 3680 EC;Karelian Lihajaloste Oy;Tehtaantie 2;Liperi;80400;62.6182037;29.5594261
FI 3681 EC;Kivikylän Kotipalvaamo Oy, Sooci;Ylämyllyntie 79e;Ylämylly;80400;62.6213572;29.5742710
FI 3681 EC;Kivikylän Kotipalvaamo Oy, Sooci;Ylämyllyntie 79e;Liperi;80400;62.6213572;29.5742710
FI 3681 EC;Kivikylän Kotipalvaamo Oy;Ylämyllyntie 79e;Ylämylly;80400;62.6213572;29.5742710
FI 3830 EC;Oy Eurofoods Ab;Ahlövägen 43 68555 Bosund;Luoto (Larsmo);68800;63.8333774;22.8615355
FI 3860 EC;Lihatukku Harri Tamminen Oy;Toikkalantie 5;Luumäki;54530;60.9646270;27.8352639
FI 3920 EC;Herrgårds köttrökeri Ab;Söderfjärdsvägen 14;Maalahti;66100;62.9737039;21.5691323
FI 398-6 EC;Päijät-Hämeen Lihatukku Oy;Sopenkorvenkatu 6;Lahti;15800;60.9789769;25.6323404
FI 40 EC;Oy Björkens Ab;Asentajantie 5;Kokkola;67600;63.8242913;23.1578251
FI 402-2 EC;Pekan Palvi Oy;Heinäjoentie 20;Lapinlahti;74520;63.4709624;27.3648415
FI 405-1 EC;Tilateurastamo Ikonen;Rikkiläntie 830;Lappeenranta;54330;60.8991101;28.1717631
FI 406-1 EC;Kivikylän Kotipalvaamo Oy;Savulaaksontie 121;Rauma;27230;61.1125084;21.7840054
FI 408-6 EC;Multinutrix Oy;Honkimetsäntie 27;Lapua;62100;62.9752805;23.0555726
FI 410-1 EC;Pohjoisahon Tila;Pohjoisahontie 392;Laukaa;41370;62.3943687;26.1815993
FI 4101 EC;HKFoods Finland Oy;UkkoPekkatie 1;Mikkeli;50600;61.6877823;27.2731918
FI 413-1 EC;Tourun tilateurastamo;Touruntie 27;Pori;38600;61.6249624;22.4050948
FI 4185 EC;Riistapaja;Yläneentie 175;Mynämäki;23100;60.6861657;21.9937287
FI 4201 EC;Piiras Kartano Oy;Laurintie 4;Mäntsälä;04600;60.6464068;25.3283854
FI 4220 EC;Fintermos Oy;Rautakatu 3;Naantali;21110;60.4776599;22.0537293
FI 426-1 EC;Lihakartano Juhani Tuomela;Riihilahdentie 9;Liperi;83100;62.5432913;29.4107736
FI 4261 EC;Seniori Ateria Oy;Putkikatu 23 B;Naantali;21110;60.4909989;22.0649370
FI 4262 EC;Mestarin Kebabit Naantali;Rantaruonankatu 2;Naantali;21100;60.4745715;22.0393380
FI 4350 EC;Totin Erä ry;Koivuniementie 200;Nokia;37310;61.3605363;23.3194801
FI 4352 EC;Valley Cong Oy, Golden Unicorn Nokia;Ilkantie 22;Nokia;37150;61.4904590;23.5324551
FI 4400 EC;Nurmeksen Filetuote Oy;Akkolansalmentie 19;Nurmes;75500;63.5422079;29.1410100
FI 4411 EC;Ketolan tilan Strutsiteurastamo;Korvenojantie 17;Nurmijärvi;05200;60.5037569;24.7826154
FI 442743 EC;Grodd-pojken;Långmossavägen 480;ÖVERMALAX;66140;62.9055426;21.5905545
FI 4490 EC;Kotivara Oy;Voudintie 7;Oulu;90400;64.9901952;25.4703019
FI 4492 EC;Kauppurin lounas ja pihvi Oy;Korpitie 10;Oulu;90650;65.0190141;25.5576601
FI 4525 EC;Suomen Lounastuote Oy;Tetriläntie 14;Oulu;90460;64.9403429;25.4331193
FI 4525 EC;Suomen Lounastuote Oy;Tetriläntie 14;Oulunsalo;90460;64.9403429;25.4331193
FI 4570 EC;Paimion Palaliha Oy;Lenkkitie 8;Paimio;21530;60.4333344;22.7160448
FI 4571 EC;Deli Hylé Oy;Yrittäjäntie 5;Paimio;21530;60.4417354;22.7048110
FI 4660 EC;Ab Tajma Oy;Företagarvägen;Pedersöre;68800;63.5407579;23.0452112
FI 4700 EC;Lapin Liha Oy;Pellontie 1;Pello;95700;66.7875308;23.9866056
FI 4740 EC;Keski-Pohjanmaan koulutusyhtymä/Perhon yksikkö;Haanentie 26;Perho;69950;63.2162436;24.4334060
FI 475-4 EC;Maalahden Liha Ay;Öjnavägen 118;Maalahti;66100;62.9377235;21.4825841
FI 4760 EC;Perniön 1930 Oy;Valimonkatu 4;Salo;24100;60.3848061;23.1173623
FI 4761 EC;Perniön Rullakebab tehdas Oy;Piisitie 3;Salo;24910;60.3842635;23.0354566
FI 4862 EC;My Food Oy;Ruususentie 9;Akaa;37830;61.2061031;23.7377751
FI 4871 EC;Oles Fast Food Oy Ab;Bärholmsvägen 13;Pietarsaari;68870;63.6744703;22.7055385
FI 4872 EC;Ab Korv-Görans Kebab Oy;Företagarvägen 24;Pietarsaari;68600;63.6744703;22.7055385
FI 4873 EC;Snellmanin Kokkikartano Oy;Kuusisaarentie 1;Pietarsaari;68600;63.6636065;22.7632788
FI 498-1 EC;Säilykekauppa.fi Muonio Oy;Pallaksentie 601;Muonio;99300;67.9480352;23.9965998
FI 5 EC;Liha Hietanen Oy;Pääkkösentie 59;Sastamala;38200;61.3164518;22.9465558
FI 503-1 EC;T:mi Palvi & Savupalvelu Heikkilä Oy;Valtakatu 32;Mynämäki;23100;60.6911561;21.9792091
FI 5040 EC;A.Ahlström Kiinteistöt Oy;Makkarakoskentie 65;Pori;29600;61.5929473;21.8841842
FI 507-2 EC;Kuvalan Liha Tmi;Kuvalanranta 5;Mäntyharju;52920;61.3042913;26.7917852
FI 5184 EC;T:mi Kaarelan Poro;Jyrkkäkoskentie 13;Pudasjärvi;93100;65.3907152;26.9827029
FI 5187 EC;Porojauru;Marikaisentie 544;Pudasjärvi;93100;65.2653470;27.0061177
FI 5200 EC;Torpparin liha;Männistöntie 17;Punkalaidun;37500;61.1157761;23.0993583
FI 5249 EC;Novisol Oy;Pölkkytie 2;Pyhäntä;92930;64.0962960;26.3316485
FI 5281 EC;Kylmäsäilö Turku Oy;Vahdontie 45;Turku;20320;60.4992735;22.2481285
FI 5290 EC;Kulman Keittiön tuotantolaitos (Turun Osuuskauppa);Purokatu 2;Raisio;21200;60.4798684;22.1586217
FI 5331 EC;Lapin Jaloste Oy;Teerivaarantie 2;Ranua;97665;66.1877457;27.0616639
FI 5351 EC;Suomisen Lihaherkku Oy;Lenkkitie 2;Rauma;26660;61.0980764;21.5466903
FI 5361 EC;Lapin Liha Oy;Ahjotie 9;Rovaniemi;96101;66.4908816;25.6480532
FI 5362 EC;Rovaniemen koulutuskuntayhtymä, Jänkätien toimintayksikkö;Jänkätie 1;Rovaniemi;96300;66.4855815;25.6769709
FI 5362 EC;Rovaniemen KoulutuskuntayhtymäJänkätien Toimintayksikkö;Jänkätie 1;Rovaniemi;96300;66.4855815;25.6769709
FI 5364 EC;Leivejoen Liha Oy;Selkäläntie 18;Rovaniemi;97140;66.2608175;25.1875511
FI 5366 EC;Lapin Krassi Oy;Myllärintie 36;Rovaniemi;96400;66.4881600;25.7684565
FI 5366 EC;Lapin Krassi Oy;Raidetie 1;Saarenkylä;96900;66.5201026;25.7729301
FI 537115 EC;Käännän Itu ja Elo Oy;Haantie 4;TYNKÄ;85140;64.1971689;24.0545326
FI 540-1 EC;Sarven Saunapalvi;Huhtamäentie 151;Nummi;09810;60.4199748;23.9488490
FI 545-2 EC;Övermark Köttrökeri;Kjällmosvägen 551;Närpiö;64610;62.4779756;21.3366760
FI 5455 EC;Fiskars Oyj Abp/Kiinteistöt;Fiskarsintie 18;Raasepori;10470;60.1288377;23.5412779
FI 5470 EC;Backbone Meat Co. Oy Ltd;Rentontie 7;Saarijärvi;43100;62.6874776;25.3074905
FI 5480 EC;Saarioinen Oy;Isoniementie 76;Kangasala;36420;61.4814260;24.3262382
FI 5480 EC;Saarioinen Oy;Isoniementie 76;Sahalahti;36420;61.4814260;24.3262382
FI 5490 EC;Maltiolan Jaloste Oy;Saijanlenkki 8 A;Salla;98950;67.0957499;28.8223867
FI 5530 EC;Tuote Savonlinna Oy;Ainonkatu 12;Savonlinna;57210;61.8648470;28.9202454
FI 5531 EC;Lörtsypojat oy;Ilokallionkatu 4;Savonlinna;57200;61.8698691;28.9212417
FI 5531 EC;Lörtsypojat Oy;Ilokallionkatu 4;Savonlinna;57200;61.8698691;28.9212417
FI 5543 EC;Nortulan Palvi & Paisti Oy;Poutunrannantie 409;Seinäjoki;61440;63.0313460;22.6313504
FI 5544 EC;Keittiö Alvariina;Trukkiväylä 12;Seinäjoki;60100;62.7743731;22.8982769
FI 5546 EC;Ravintola Juku  Oy;Kuormatie 3;Seinäjoki;60100;62.7849417;22.8707852
FI 5580 EC;Isokummun lammastila;Kukonkyläntie 633;Sievi;85410;63.9729650;24.2804784
FI 559-1 EC;Oravais Rökeri Ab;Ånäsvägen 9;Oravais;66800;63.3214818;22.3985148
FI 560-3 EC;Leipomo Matti Jussila Ky;Haapastentie 52;Orimattila;16300;60.8144230;25.6835900
FI 5661 EC;Snellmanin Kokkikartano Oy;Sementtitehtaankatu 7;Kerava;04260;60.3870703;25.1055392
FI 5661 EC;Snellmanin Kokkikartano Oy;Jäspilänkatu 27;Kerava;04250;60.3887820;25.1049971
FI 5662 EC;Lihatukku Harri Tamminen Oy / Tamminen Oy;Nygårdintie 43;Sipoo;04240;60.4171625;25.1690055
FI 5703 EC;Lapin Gourmetkokit Tmi;Koppelotieva 28;Sodankylä;99650;67.5081016;26.6029937
FI 5730 EC;Lihamestari Vaske Oy;Yrittäjäntie 42 A 4;Karkkila;03600;60.5213265;24.2393304
FI 580-1 EC;Palvi-Pirtti;Niemeläntie 86;Parikkala;59100;61.5735760;29.5788271
FI 5831 EC;Tuotekehityspaja;Jalkalantie 6;Suonenjoki;77600;62.6251364;27.1370520
FI 586-3 EC;Jussi Lindholm;Kirakantie 178;Salo;25610;60.1803836;22.9986709
FI 5860 EC;Kivikylän Kotipalvaamo Oy;Säkyläntie 120;Säkylä;27800;61.0637419;22.3263584
FI 5861 EC;Apetit Ruoka Oy;Maakunnantie 4;Säkylä;27800;61.0788566;22.2569446
FI 5864 EC;Luomu Invest Oy;Luvalahdentie 125;Säkylä;27710;61.1076648;22.2951247
FI 60012 EC;Ålands Centralandelslag;Drittel-Mattesgränd 7;Jomala;22150;60.1557145;19.9376732
FI 60015 EC;Mattas Gårdsmejeri;Norra Finnbyvägen 8;Sund;22530;60.2530332;20.1198637
FI 60107 EC;Hämeen Ammatti-Instituutti Oy;Kankaistenkatu 33 C;Hämeenlinna;13220;61.0133524;24.4786524
FI 60125 EC;Valio Oy;Vihiojantie 3;Tampere;33800;61.4774254;23.7870786
FI 60130 EC;Osuuskunta Satamaito;Satakunnantie 7;Ulvila;28400;61.4233764;21.8884583
FI 60132 EC;Valio Ltd.;PL 116;Riihimäki;11101;60.7390089;24.7728148
FI 60134 EC;Valio Ltd.;Meijeritie 3;Helsinki;00390;60.2257767;24.8732525
FI 60134 EC;Valio Ltd.;PL 60;Valio;00039;60.2565178;25.1152593
FI 60137 EC;Valio Ltd.;Fazerintie 2;Vantaa;01230;60.2567267;25.1123455
FI 60141 EC;Hämeenlinnan Osuusmeijeri;Meijerikatu 4;Hämeenlinna;13100;61.0032854;24.4390742
FI 60143 EC;Valio Oy;PL 45;Turenki;14201;60.9204847;24.6510032
FI 60149 EC;Valio Ltd.;PL 116;Riihimäki;11101;60.7390089;24.7728148
FI 60151 EC;Herrgårds Glass Ab;Sillbölen kartanontie 110;Tenhola;10520;60.0576791;23.2991277
FI 60158 EC;Mäkelän Tilajuustola;Kankostentie 390;Hietana;16200;60.8014127;26.1231968
FI 60159 EC;Suomisen Maito Oy;Tarvasjoentie 25;Aura;21380;60.6499508;22.5865661
FI 60164 EC;Isontuvan Jäätelö Oy;Mäenpäänraitti 66;Karinainen;21840;60.6291330;22.8005330
FI 60181 EC;Arolan Kotijuustola Oy;Pertunkulmantie 101 B;Urjala;31700;61.0808445;23.6283043
FI 60183 EC;Jumon Juustola;Jumontie 38;Iniö;23390;60.4225240;21.3785067
FI 60185 EC;Heikkilän Tila;Köökinmäentie 1;Laitikkala;36660;61.2525679;24.3509723
FI 60203 EC;Valio Ltd.;Meijerintie 1;Joensuu;80100;62.6019672;29.7839125
FI 60220 EC;Valio Oy;PL 38;Lapinlahti;73101;60.1719521;24.9055228
FI 60223 EC;Osuuskunta Maitomaa;Kuopiontie 2;Suonenjoki;77600;62.6264230;27.1264728
FI 60232 EC;Lieksan Laatuherkut Oy;Rantalantie 2;Lieksa;81720;63.3104528;30.0389028
FI 60238 EC;Polven Juustola;Polventie 59 A;Savero;45460;60.8300060;26.9642171
FI 60239 EC;Paavolan Kotijuustola;Vanhamaantie 336;Elimäki;47200;60.7193914;26.4974646
FI 60255 EC;Miettilän Juustola;Saarisentie 140;Sulkava;58700;61.8689852;28.4147888
FI 60265 EC;Milk In;Jalkalantie 6;Suonenjoki;77600;62.6251364;27.1370520
FI 60266 EC;Jukolan Juusto Oy;Kuusirinne 11;Leivonmäki;41770;61.9120420;26.1180060
FI 60267 EC;By Maitola Oy;Koivikontie 8;Puhos;82430;62.0849836;29.9093599
FI 60268 EC;MaitoKarelia Oy;Teollisuustie 27;Kitee;82340;62.1070404;29.9235225
FI 60272 EC;Kyytselän Jäätelö;Läänänmäentie 145;Hurskaala;77320;62.1972829;27.3706781
FI 60288 EC;Kurimon Tilameijeri Ay;Leppämäentie 244;Pörsänmäki;74550;61.8933360;25.1761126
FI 60310 EC;Valio Ltd.;PL 337;Seinäjoki;60101;62.7906684;22.8398019
FI 60311 EC;Osuuskunta Maitokolmio;PL 16;Toholampi;69301;63.7726231;24.2515450
FI 60319 EC;Osuuskunta Maitokolmio;Jussinmäentie 1;Sievi;85410;63.8975728;24.5298760
FI 60320 EC;Valio Oy;Valiontie 9;Äänekoski;44100;62.5865370;25.7831131
FI 60321 EC;Valio Ltd.;PL 12;Jyväskylä;40351;63.0753671;21.6558306
FI 60331 EC;Jokilaakson Juusto Oy;Juustotie 12;Jämsä;42100;61.8646783;25.2158388
FI 60351 EC;Foodin Oy;Metsälehmuksentie 7;Vaajakoski;40800;62.2306174;25.9153311
FI 60355 EC;Juustoportti Food Oy;Meijeritie 3;Jalasjärvi;61600;62.5046850;22.7270030
FI 60357 EC;Riitan Herkku Oy;Varastotie 6;Mustasaari;65610;63.1263081;21.7251136
FI 60359 EC;H.Kontio Oy;Hangaskyläntie 648;Kainasto;61820;62.4813006;22.0598207
FI 60365 EC;Juustoportti Food Oy;Meijeritie 3;Jalasjärvi;61600;62.5046850;22.7270030
FI 60366 EC;Juustoportti Food Oy;Keisarintie 145;Pentinmäki;61710;62.4165532;22.7917909
FI 60367 EC;Foodwest Oy;Kärryväylä 4;Seinäjoki;60100;62.7745909;22.8995496
FI 60367 EC;Foodwest Oy;Vaasantie 1 C;Seinäjoki;60100;62.7960941;22.8274439
FI 60372 EC;Östmans Jordbrukssammanslutning;Karvsorvägen 74;Kaitsor;66710;63.2365939;22.2738898
FI 60374 EC;Ylimartimon Lähijuustola;Korpilahdentie 88;Vähäkyrö;66500;63.1004403;22.0451706
FI 60378 EC;Härmä Food Oy / Riitan Herkku Oy;Meijerintie 12;Voltti;62310;63.2817013;22.8215131
FI 60381 EC;Rantakallion Juustola Oy;Finnbyntie 3;Metsälä;64440;62.1078976;21.5241371
FI 60384 EC;T:mi Ternijaloste Raino Oikari;Päivärinnantie 2;Yli-Lesti;69450;63.4745996;24.7630857
FI 60385 EC;Sillankorvan Yrttijuusto;Pahkakankaankuja 26;Evijärvi;62540;63.4034030;23.3378604
FI 60386 EC;Liisankankaan Jäätelö;Savijärventie 357;Muurasjärvi;44880;63.5438971;25.2408201
FI 60395 EC;Jukkola Food Oy;Alaviirteentie 144;Lohtaja;68230;64.0260113;23.5065987
FI 60398 EC;Jouni Viljamaa;Järvikyläntie 132;Koivisto;85430;64.0015523;23.5032663
FI 60403 EC;Kuusamon Juusto Oy;Kitkantie 110;Kuusamo;93600;65.9990738;29.1650584
FI 60407 EC;Valio Ltd.;Teollisuustie 4;Haapavesi;86600;64.1457451;25.3786314
FI 60412 EC;Valio Ltd.;PL 534;Oulu;90101;65.0117869;25.4701983
FI 60423 EC;Jokisen Juustola;Lehtimäentie 19;Oulainen;86510;64.2417771;24.9825763
FI 60426 EC;Koivulan Kotijuustola;Pyhänsivuntie 679;Muhos;91500;64.8457156;26.1792773
FI 60435 EC;Vaalan Juustola Oy;Puusepäntie 4;Vaala;91700;64.5609265;26.8587575
FI 60437 EC;Huuskolan Jäätelö Oy;Huuskonniementie 19 A;Vuokatti;88610;64.1459667;28.2696599
FI 60440 EC;Naaskon Kotijuustola;Koivistonpää 21;Kantomaanpää;95660;66.4278960;24.0618198
FI 60458 EC;Arctic Ice Cream Factory Oy;Vuonelontie 19 B;Rovaniemi;96400;66.4932543;25.7617268
FI 60460 EC;Pitkäsen Maalaisjuustola;Kiviperäntie 80 A, Lehto;Kuusamo;93999;66.0931397;29.5247479
FI 60461 EC;Meän Liha Oy;Kätkävaarantie 69;Loue;95340;66.1590941;24.9879332
FI 60503 EC;Arla Oy;PL 33;Söderkulla;01151;60.2983918;25.3306031
FI 60507 EC;Porlammin Meijeri Oy;Myrskyläntie 1 A;Porlammi;07820;60.6814723;26.0344434
FI 60557 EC;Riitan Herkku Oy;Yrittäjäntie 5;Mustasaari;65610;63.1267263;21.7348431
FI 606-2 EC;Raaseporin Lihajaloste Oy;Vanha Turuntie 82;Raasepori;10420;60.0917563;23.5157799
FI 60605 EC;Tenala Mejeri;Sockenvägen 2;Tenala;10520;60.0615691;23.2909303
FI 60606 EC;Freskfoods Oy;Kaarinantie 270;Littoinen;20660;60.4327221;22.3835304
FI 60611 EC;Suomi Meijeri Oy;Mustialankatu 1;Helsinki;00790;60.2301324;25.0218109
FI 60619 EC;Leader Foods Oy;Äyritie 8 C;Vantaa;01510;60.2927770;24.9697301
FI 60619 EC;Leader Foods Oy;Sementtitehtaankatu 2 C;Vantaa;01510;60.2929970;25.0435254
FI 60619 EC;Leader Foods Oy;Sementtitehtaankatu 2 c;Kerava;01510;60.3870703;25.1055392
FI 60620 EC;Herkkutilan Oy;Latokartanontie 7A;Helsinki;00700;60.2449365;25.0134475
FI 60621 EC;SEF Food Oy;Juvan Teollisuuskatu 30;Espoo;02920;60.2796737;24.7606220
FI 60624 EC;Local Artisans Oy;Timpurinkuja 4;Porvoo;06100;60.4109991;25.6931545
FI 60626 EC;Foodiq Oy;Emalikatu 9;Järvenpää;04400;60.5070266;25.0720420
FI 60627 EC;Ålandsmejeriet Finland Ab Oy;Ahtonkaari 3;Lieto;21420;60.4714418;22.3960050
FI 60630 EC;Ab Gebna Oy;Myrskyläntie 4;Porlammi;07820;60.6813402;26.0314719
FI 60631 EC;Hedvi Markkinointi Oy;Telekatu 2;Turku;20360;60.4917224;22.2888614
FI 60632 EC;Pakkauspalvelu Irpack Oy;Kurkisuonkatu 7;Piispanristi;20760;60.4138833;22.3260082
FI 60642 EC;Froneri Finland Oy Turengin tehdas;Koulutie 3;Turenki;14200;60.9241261;24.6507193
FI 60649 EC;Saloniemen Juustola;Salorannantie 166;Laitila;23800;60.9881719;21.6855794
FI 60654 EC;Asikkalan Juustola;Vähimaantie 119;Vähimaa;17400;61.2130436;25.3879624
FI 60658 EC;Peevon Tila;Peevontie 13;Sastamala;32730;61.2768588;22.7074767
FI 60671 EC;Herkkujuustola Oy;Kurvosentie 3;Sastamala;38420;61.5016363;23.0852348
FI 60673 EC;Kasaro Oy;Juurakko tie 6;Isojoki;64900;62.1143416;21.9587762
FI 607-1 EC;Polvijärven Liha-Aitta;Kinahmontie 31;Polvijärvi;83700;62.9030156;29.4319956
FI 6082 EC;Tapola Oy;Harjuntausta 8;Tampere;33400;61.5158462;23.6693760
FI 60860 EC;Pack Company Oy;Teollisuustie 12;Mustasaari;65610;63.1180825;21.7101638
FI 60865 EC;Mejerista Jessica;Åkervägen 2 D;Jeppo;66850;63.4029757;22.6558534
FI 6088 EC;Yrjö Wigren Oy;Patamäenkatu 2;Tampere;33900;61.4594501;23.7426940
FI 6130 EC;Meän Liha Oy;Kätkävaarantie 69;Tervola;95340;66.1590941;24.9879332
FI 6150 EC;Laidun Hereford Oy;Kainaston Keskustie 7;Teuva;64770;62.4869027;21.7460027
FI 619-1 EC;Metsärannan Liha;Metsärannantie 100;Punkalaidun;31850;61.1157761;23.0993583
FI 62 EC;Snellmanin Lihanjalostus Oy/ Snellmans Köttförädling Ab;Kuusisaarentie 1;Pietarsaari;68600;63.6636065;22.7632788
FI 624-1 EC;Neittamon Herkku Oy;Sutelantie 303;Kotka;48400;60.4975428;26.8480380
FI 6265 EC;Nestlé Turun tehdas;Pansiontie 43 A;Turku;20101;60.4443281;22.2252820
FI 6265 EC;Suomen Nestle Oy;Pansiontie 43 A;Turku;20100;60.4443281;22.2252820
FI 6271 EC;Kaivon Liha Kaunismaa Oy;Kaarningonkatu 8-12;Turku;20740;60.4270814;22.3063265
FI 6273 EC;Oy Lunden Ab Jalostaja;Pansiontie 45;Turku;20200;60.4465808;22.1901923
FI 6276 EC;Turun Mestaripalvi Oy;Radiomiehenkatu 4;Turku;20320;60.4678868;22.2089954
FI 6280 EC;Viktor Elo Oy;Autokatu 12;Turku;20380;60.4829209;22.3184591
FI 6282 EC;Suomen Laatuliha Oy;Kaarinantie 270;Kaarina;20660;60.4327221;22.3835304
FI 635-3 EC;Strutsitila Syrjynen;Kirvuntie 76;Pälkäne;36600;61.3709391;24.2470293
FI 6381 EC;Insku Ky;Nuorgamintie 4676;Utsjoki;99990;70.0806176;27.8591608
FI 6382 EC;Tenon Luonnontuote Ky;Nuorgamintie 3750 A;Nuorgam;99990;70.0806176;27.8591608
FI 6382 EC;Tenon Luonnontuote Ky;Nuorgamintie 3750 A;Utsjoki;99990;70.0805256;27.8583874
FI 6383 EC;Porotuote Länsman Ky;Nuorgamintie 795 B;Utsjoki;99980;69.9086992;27.0285293
FI 6384 EC;Tundra Poro Ky;Porotie 25;Utsjoki;99950;69.4000908;25.8588593
FI 6385 EC;Lumiporo Oy;Poromiehentie 9;Utsjoki;99950;69.4003584;25.8525951
FI 6402 EC;Saarioinen Oy;Tikinmaankatu 21;Valkeakoski;37630;61.2818362;23.9626579
FI 6462 EC;Lihatukku J. Peltovirta Ky;Pääkkösentie 50;Sastamala;38200;61.3164518;22.9465558
FI 6463 EC;Pirkanmaan Lihapalvelu Oy;Pääkkösentie 59;Sastamala;38200;61.3164518;22.9465558
FI 6471 EC;HKFoods Finland Oy;Väinö Tannerin tie 1;Vantaa;01510;60.2904605;24.9582251
FI 6474 EC;Lihatukku Harri Tamminen;Itäinen Valkoisenlähteentie 21;Vantaa;01260;60.2970995;25.1000917
FI 6475 EC;Pakastamo Oy;Itäinen Valkoisenlähteentie 21;Vantaa;01260;60.2970995;25.1000917
FI 6476 EC;HOK-Elanto Liiketoiminta Oy, Herkkukeittiö;Tahkotie 1 C;Vantaa;01530;60.3023480;24.9113535
FI 6477 EC;Dried Buddy Oy / Kuivalihakundi;Vallunkuja 2;Tuusula;05400;60.5438413;24.9324492
FI 6479 EC;Kivipyykintie lihankäsittelylaitos / Johan i Hallen & Bergfalk Oy;Kivipyykintie 1;Vantaa;01260;60.2976187;25.1058407
FI 6480 EC;Kasapoglu sucuk Helsinki / Tmi Karagöz;Kiitoradantie 7 b 414;Vantaa;01530;60.3020371;24.9880228
FI 6500 EC;Vallan Maukas Oy;Vallilantie 98;Vehmaa;23200;60.6321975;21.7743255
FI 6620 EC;Tannilan porotuote;Ritvantie 576;Oulu;91240;65.4972939;26.0873153
FI 6630 EC;Rexholmens Highland;Rexholmsvägen 100;Vöyri;66640;63.2713608;22.1537485
FI 6645 EC;Länsikairan Poro Oy;Kylätie 14;Ylitornio;;66.3740493;23.8789398
FI 6646 EC;Aavasaksan Poro;Varpumäki 8;Ylitornio;59600;66.2990246;23.6728351
FI 6680 EC;Veljekset Mattila Oy;Vaihtotie 13-15;Ylöjärvi;33470;61.5546280;23.5570993
FI 6681 EC;Nakki-Hannu Oy;Ylötie 1;Ylöjärvi;33470;61.5587234;23.5350502
FI 699-3 EC;Lapin Kaamosliha Oy;Sieppijärventie 66;Rovaniemi;97420;67.1628933;24.9590634
FI 73 EC;Pouttu Oy;Tehtaankatu 1;Kannus;69100;63.8946966;23.9476877
FI 739-1 EC;Reiposen tila;Elomäentie 256;Savitaipale;54770;61.1398500;27.2725826
FI 74 EC;HKFoods Finland Oy;Kuvernöörinkatu 27;Outokumpu;83500;62.7092178;28.9924342
FI 742-1 EC;Oravan Porotuote;Sallantie 132;Savukoski;98850;67.2342916;28.4041232
FI 758-2 EC;Osuuskunta Kota-Poro Sodankylä;Meltauksentie 5617;Sodankylä;97370;67.3670943;26.0831906
FI 758-3 EC;Porotokka Juhani Maijala Ky;Orajärventie 1764;Sodankylä;99600;67.3761678;26.6356390
FI 758-4 EC;Lokan Jaloste;Purnusaarentie 11;Sodankylä;99645;67.8192337;27.7509708
FI 759-1 EC;KJ-Kalax Oy;Alajärventie 864;Soini;63800;62.8915283;24.1442642
FI 761-1 EC;Someron Palvimyynti Oy;Lummetie 2 A;Somero;31400;60.6277196;23.5336887
FI 761-2 EC;Veli-Matti Rämön siipikarjan pienteurastamo;Lehtimäentie 438;Somero;31520;60.6900261;23.3292522
FI 78 EC;Atria Suomi Oy / Atria Finland Ltd;Rahikkatie 95;Kauhajoki;61850;62.4388479;22.2082709
FI 834-1 EC;Maatilan Lihakauppa Makuliha Oy;Kärsäkuja 6;Tammela;31300;60.8223876;23.8145931
FI 837-1 EC;Tampereen Lihajaloste Oy;Tohlopinranta 12;Tampere;33270;61.5084297;23.6656958
FI 837-3 EC;Tampereen ammattiopisto, lihankäsittely ja -valmistelaitos;Hepolamminkatu 10;Tampere;33720;61.4575948;23.8531027
FI 846-1 EC;Laidun Hereford Oy;Kainaston Keskustie 7;Teuva;64770;62.4869027;21.7460027
FI 848-1 EC;Raja-Karjalan Liha-Hovi Oy;Kiteentie 88;Tohmajärvi;82600;62.2239431;30.3098752
FI 849-3 EC;Maatila A. Pöntiö Oy;Härkänevantie 89;Toholampi;69410;63.6159756;24.3573736
FI 853-10 EC;Turun Eines Oy;Verstaskatu 12;Turku;20360;60.4926679;22.2566297
FI 853-5 EC;Lihaliike Reino Jokinen Ky;Kauppahalli, Linnankatu 15;Turku;20100;60.4515944;22.2669983
FI 886-1 EC;Tilateurastamo Vuorenmaa;Kullaantie 414;Ulvila;28260;61.5044816;21.9748740
FI 887-1 EC;Paijan Tilateurastamo;Saarikontie 141;Urjala;31700;61.0045286;23.7748083
FI 90 EC;Viskaalin teurastamo;Viskaalintie 54;Muhos;91510;64.8885105;25.8089934
FI 933-1 EC;Noutotila Niittymäki;Haavistontie 219;Mänttä-Vilppula;35700;61.9468583;24.4715173
FI 942-2 EC;Kyrön Makkara;Vöyrintie 57;Vaasa;66500;63.0957722;21.6159187
FI 977-1 EC;Esko Hannula Oy;Savontie 1670;Ylivieska;84880;63.9912900;24.7797516
FI 979-2 EC;Yläneen Palvaamo;Palvaamontie 6;Pöytyä;21900;60.9401994;22.4490372
FI 980-1 EC;Kestiherkku Oy;Muovitie 20;Ylöjärvi;33470;61.5617623;23.5480982
FI 980-1 EC;Kestiherkku T:mi;Muovitie 20;Ylöjärvi;39160;61.5617623;23.5480982
FI 99 EC;Vainion Teurastamo Oy;Orivillentie 11;Orimattila;16300;60.8239892;25.7319137
FI F01652 EC;Vehmaan Maut Oy;Kisällintie 2;Asikkala;17200;61.1592008;25.6103401
FI F01652 EC;Vehmaan Maut Oy;Kisällintie 2;Vääksy;17200;61.1593254;25.6105407
FI F01653 EC;Päijät-Hämeen Koulutuskonserni/ Koulutuskeskus Salpaus;Laurellintie 55;Vääksy;17320;61.1752192;25.5300579
FI F04056 EC;Salmonfarm;Kasnäsvägen 1294;Kasnäs;25930;59.9204524;22.4105526
FI F04057 EC;Kasnäs Lax;Träskedevägen 22;Kasnäs;25930;59.9237881;22.4093879
FI F04950 EC;Kalamakasiini Oy;Koskelontie 16 B;Espoo;02920;60.2590932;24.7163633
FI F04951 EC;Fuku Oy / Fuku Keskuskeittiö;Masalantie 10 B 20-24;Espoo;02600;60.2089051;24.7970528
FI F04951 EC;Fuku Oy / Fuku keskuskeittiö;Masalantie 10 B 20-24;Espoo;02600;60.2089051;24.7970528
FI F04952 EC;G.C.Kala Oy;Juvan teollisuuskatu 32;Espoo;02920;60.2800185;24.7607381
FI F05052 EC;Kolvaan Kala Oy/Kauttuan laitos;Neitsytpolku 1;Kauttua;27500;61.1156230;22.1722874
FI F05053 EC;Mannilan Kalasatama;Kalaranta 53;Mannila;27670;61.0187413;22.1772354
FI F05154 EC;Pekan Kalapaja;Lapijoentie 10;Eurajoki;27100;61.1927288;21.7068664
FI F07251 EC;Marjaniemen Kalasataman Huoltohalli Hailuodon Kunta;Marjaniementie 796;Hailuoto;90480;65.0081018;24.6890027
FI F07252 EC;Hailuodon Halstari Oy;Marjaniementie 783;Hailuoto;90480;65.0402707;24.5614078
FI F07551 EC;Kirstin Kala Ay;Palkkikuja 3;Hamina;49420;60.5453499;27.1291839
FI F08452 EC;Kellon Kalatuote Ky;Kotikankaantie 5;Kello;90820;65.1140790;25.3881657
FI F08453 EC;Haukiputaan kunta/ Kiviniemen kalasataman halli;Kiviniementie;Haukipudas;90831;65.1763737;25.3532265
FI F09151 EC;Ab Chipsters Food Oy;Sementtitehtaankatu 5;Kerava;04260;60.3873482;25.1037105
FI F09152 EC;Finnish Freshfish Oy Kalamesta;Sörnäistenkatu 7;Helsinki;00580;60.1925894;24.9741600
FI F09157 EC;Kalatukku E. Eriksson Oy;Holkkitie 12 A;Helsinki;00880;60.2122361;25.0585397
FI F09164 EC;Äyriäistukku Frisch Haus Finland Oy;Vanha talvitie 8;Helsinki;00580;60.1910231;24.9756624
FI F09173 EC;Tuomaan Kalatukku Oy;Kivikonlaita 37 B;Helsinki;00940;60.2473420;25.0634824
FI F09175 EC;Fisu Pojat Oy;Vanha talvitie 8;Helsinki;00580;60.1910231;24.9756624
FI F09176 EC;Wok Wok Suomi ruoka Oy;Vanha talvitie 8;Helsinki;00580;60.1910231;24.9756624
FI F09251 EC;Johan i Hallen & Bergfalk Oy;Kuussillantie 16;Vantaa;01230;60.2616907;25.0917051
FI F09253 EC;Compass Group Finland Oy;Lumijälki 2;Vantaa;01740;60.2912266;24.9311675
FI F09553 EC;Hätälä Oy;Pohjoinen satamatie 520;Himanka;68100;64.0698730;23.6398934
FI F09752 EC;Järvi-Suomen Kalatuote Oy;Vahvamäentie 42;Hirvensalmi;52550;61.6245116;26.7473326
FI F09754 EC;Liukkosen Kala Oy;Kangastie 12 B;Hirvensalmi;52550;61.6508291;26.7741319
FI F09755 EC;Hirvensalmen Kala Oy;Vahvamäentie 42;Hirvensalmi;52550;61.6245116;26.7473326
FI F10152 EC;Heimon Kala Oy Mossala;Houtskarintie 1998;Mossala;21770;60.2692053;21.4055836
FI F10552 EC;Kainuun Lohi Oy Hyrynsalmen laitos;Koskitie 36 Paimenniemi;Hyrynsalmi;89400;64.6707457;28.5022117
FI F13954 EC;Kalaliike H. Kuha Ahuk Oy;Konintie 4 A;Ii;91100;65.3339483;25.3728406
FI F13957 EC;Rantakestilän kalankäsittelytila;Telakkakuja 9;Ii;91100;65.3227184;25.3219163
FI F13958 EC;Iin Lihatuote Oy;Sampankuja 4;Jakkukylä;91210;65.3022964;25.6143995
FI F13958 EC;Iin Lihatuote Oy;Sampankuja 4;Ii;91210;65.3022964;25.6143995
FI F14250 EC;Kala-Iitti;Rautatienkatu 19;Kausala;47400;60.8886314;26.3362279
FI F14351 EC;H. Viitakoski Oy (Sata-Hämeen kalajalostus Oy);Niemenmäentie 7;Ikaalinen;39500;61.7420730;23.0226595
FI F14853 EC;Arctic Fish Oy;Lintumaantie 2;Ivalo;99800;68.6588185;27.5348114
FI F14854 EC;Veskoniemen kalankäsittelylaitos;Veskoniementie 1127;Ivalo;99800;68.6588185;27.5348114
FI F14855 EC;Saamelaisalueen koulutuskeskus, Hopialammen kalankäsittelylaitos;Toivoniementie 246;Kaamanen;99910;69.0683739;27.1120244
FI F14856 EC;Inarin kalankäsittelylaitos;Satamatie 5;Ivalo;99800;68.6588185;27.5348114
FI F15052 EC;Oy Lyckans Fisk Ab;Söderby;Iniö;23390;60.3759848;21.3942763
FI F17151 EC;Huutokosken Arvo-Kala Oy;Ruukintie 55;Huutokoski;79620;62.1986836;27.7274406
FI F18052 EC;Jorma Martinmäki Oy;Teuravuomantie 18;Kolari;95900;67.2648370;23.8311197
FI F18054 EC;Komppa-Seppälän tila;Kolulantie 20;Korpilahti;41800;62.0278038;25.4851012
FI F20551 EC;Koutalahden kalasatama;Kalasatamantie;Kajaani;87500;64.2651807;27.5195350
FI F20554 EC;Mulari Reijo;Pappilanniementie 209;Nakertaja;87830;64.2505119;27.6942929
FI F20851 EC;Birkala Ay;Lippotie 5;Kalajoki;85100;64.2653578;23.9243819
FI F20853 EC;Vähäsarja Oy;Konikarvontie 200;Rahja;85180;64.2126649;23.7028025
FI F20853 EC;Vähäsarja Oy;Konikarvontie 200;Kalajoki;85180;64.2126649;23.7028025
FI F20854 EC;Konikarvon kalasataman huolto- ja perkuutila/Kalajoen kaupunki;Konikarvontie 200;Rahja;85180;64.2126649;23.7028025
FI F20855 EC;Pikku-Mansikan kalahalli;Pohjoinen satamatie 535 B;Himanka;68100;64.0698730;23.6398934
FI F21650 EC;Haapalahden kalankäsittelyhalli;Hilmontie 300;Kannonkoski;43300;63.0315918;25.3585157
FI F22450 EC;Hailia Nordic Oy;Yrittäjäntie 60;Karkkila;03600;60.5186456;24.2425534
FI F22750 EC;Mätitalo Oy;Kemppaanmäentie 649;Syvänniemi;71570;62.8565065;27.1569455
FI F23151 EC;Martin Kala Oy;Kalasatamantie 162;Kaskinen;64260;62.3499285;21.2213108
FI F23154 EC;Kaskö Fiskehallen Ab;Fiskehamnsvägen 161;Kaskö;64260;62.3499285;21.2213108
FI F23155 EC;Finskis Oy;Fiskehamnsvägen 164;Kaskö;64260;62.3499285;21.2213108
FI F23156 EC;Kaskö Fiskargille rf;Fiskehamnsvägen;Kaskö;64260;62.3499285;21.2213108
FI F23157 EC;Silva Seafood Finland Oy;Fiskehamnsvägen 160;Kaskö;64260;62.3499285;21.2213108
FI F23159 EC;Meitmeal Oy Ab;Fiskhamsvägen 146 E;Kaskö;64260;62.3845858;21.2225761
FI F24053 EC;T:mi Markku Sotisaari;Sotisaarentie 18;Kemi;94300;65.7746434;24.5125527
FI F24054 EC;Ajoksen Luonnonkala Oy;Kalasatamankatu 9;Kemi;94900;65.6736454;24.5175574
FI F24651 EC;Kerimäen Kalafile Oy;Kokonlahdentie 15;Raikuu;58320;62.0427090;29.4555588
FI F24852 EC;Laukkasen Kala Oy;Ruokkeentie 58;Kesälahti;59800;61.8851453;29.6971635
FI F24853 EC;Puruveden Savukala Oy;Poroniementie 2 a;Kesälahti;59800;61.8932513;29.7978079
FI F25250 EC;Kaakkolammen Lohi Tmi;Niemenkyläntie 145;Kinnula;43900;63.3664181;24.9429329
FI F25865 EC;Merikotkan Kala Oy;Juha Vainion katu 99;Kotka;48100;60.4601985;26.9630732
FI F26051 EC;Tapio Hirvonen;Otravaarantie 20;Närsäkkälä;82590;62.6336590;30.5624709
FI F26550 EC;Laakson kalankäsittely ja huoltotilat;Laaksontie 71;Kivijärvi;43800;63.1967386;25.0827773
FI F27150 EC;Kalastusyhtymä Isokorpi;Tuliniementie;Kauvatsa;32920;61.3368854;22.5026412
FI F27253 EC;Trullevin Kalasatama / Timo Hakala;Trullevintie 663;Kokkola;67300;63.9153848;23.0747658
FI F27254 EC;Marinkaisten kalankäsittelyhalli;Mansikkakarintie 114;Marinkainen;68210;63.9363386;23.4063180
FI F27255 EC;Kalotti Thermo Oy Ab;Lekatie 11;Kokkola;67100;63.8348990;23.0846874
FI F27255 EC;Thermo Transit Finland Oy;Lekatie 11;Kokkola;67100;63.8348990;23.0846874
FI F27256 EC;T:mi Harri Lahti;Lekatie 11;Kokkola;67800;63.8348990;23.0846874
FI F27257 EC;Ekofish Ab;Haralandvägen 1;Karleby;67800;63.8391421;23.1336845
FI F27551 EC;Nordic Trout Ab / Siikakosken kalanviljelylaitos;Sirkkamäentie 187;Konnevesi;44300;62.6265053;26.3318107
FI F27553 EC;Rantamäenkala Oy;Korteharjuntie 86;Konnevesi;44370;62.8171448;26.0804304
FI F28053 EC;Camillas Fiskdelikatess Ab;Flatgrundsvägen 31;Molpe;66210;62.8792961;21.2676120
FI F28055 EC;Servicehuset Storkorshamn;Storkorshamn Fiskehamn, Svartgrundsvägen 34;Harrström;66290;62.7255184;21.1813769
FI F28056 EC;PK Norrdahl Ab;Kalskatvägen 20;Harrström;66290;62.7357667;21.1783795
FI F28554 EC;Vaalimaa Trading Oy / Partion Kala;Asentajankatu 11;Kotka;48770;60.4672661;26.9459439
FI F28751 EC;Arto Ruohonen;Bobergintie;Skaftung;64480;62.1212794;21.3509846
FI F28752 EC;Mats Liljeqvist;Västraändsvägen 189;Skaftung;64480;62.1212794;21.3509846
FI F28755 EC;Petrin Lohi Oy;Ottovägen 7;Kristiinankaupunki;64100;62.2484981;21.3406700
FI F28756 EC;Rågårds Lax Oy Ab;Skaftungvägen 765;Skaftung;64480;62.1179778;21.3427915
FI F28758 EC;Skaftung Forell Kb;Västraändsvägen 183;Skaftung;64480;62.1212794;21.3509846
FI F28760 EC;Kristiinan Kalatuote Ky;Grannasudden;Kristiinankaupunki;64100;62.2741909;21.3772419
FI F29051 EC;Kainuun Lohimestari Oy;Järveläntie 135;Kuhmo;88900;64.1056125;29.0266317
FI F29053 EC;Vuonteen Kalankasvatuslaitos;Vuonteentie 59;Kuhmo;88900;64.2989001;29.5441508
FI F29054 EC;Ilari Saukkonen Tmi;Purnuvaarantie 645;Kuhmo;88900;64.0659212;29.6585236
FI F29150 EC;Kalayhtymä Kääpä;Papinsaarentie 142;Kuhmoinen;17800;61.5546875;25.1854032
FI F29251 EC;Iin kunta / Vatungin halli;Pohjois-Rannantie 791;Kuivaniemi;95100;65.5766829;25.1950376
FI F29252 EC;Linnatien Lohi Ky;;Kuivaniemi;95100;65.5766829;25.1950376
FI F29253 EC;Fish Group Finland;Pohjois-Rannantie 780;Kuivaniemi;95100;65.5766829;25.1950376
FI F29755 EC;Kuopion Perinnetuote Oy;Tototie 4;Kuopio;70420;62.9586659;27.6834745
FI F29755 EC;Kuopion Perinnetuote Oy;Tototie 4;Kuopio;70240;62.9586659;27.6834745
FI F29757 EC;Kalavapriikki Oy;Mastotie 7;Kuopio;70460;62.9238231;27.7166256
FI F29757 EC;Kalavapriikki Oy;Pienen Neulamäentie 5;Kuopio;70800;62.8438019;27.5995036
FI F29762 EC;Kalaliike Heikin Kala;Kauppatori, Kauppakatu 45;Kuopio;70110;62.8924641;27.6783597
FI F29763 EC;Kalayhtymä Hiltunen Ay;Kuopion kauppahalli/Apaja Kauppakatu 45;Kuopio;70110;62.8924641;27.6783597
FI F29764 EC;Kasvisgalleria Oy;Tutkakatu 1;Kuopio;70800;62.8429937;27.6003651
FI F29765 EC;Tahkon Kalapojat Oy;Muuruvedentie 981;Haluna;73350;63.1309868;28.0063046
FI F30452 EC;Jannen Lohi Oy;Jäädyttämöntie 66;Kustavi;23360;60.4852300;21.4776546
FI F30463 EC;Saariston Jäädyttämö Oy;Jäädyttämöntie 80;Kustavi;23360;60.4836518;21.4796366
FI F30464 EC;Taimen Oy Kustavin Kalanperkaamo;Anavaistentie 83 A;Kustavi;23360;60.5462549;21.3144958
FI F30467 EC;Nordic Trout / Kustavi;Vuosnaistentie 593;Kustavi;23360;60.5122048;21.2470809
FI F30551 EC;Kuusamon Kala Oy;Kitkantie 135;Kuusamo;93600;65.9970742;29.1655795
FI F30552 EC;Sossoniemen Kalasatama;Sossoniementie 242;Kuusamo;93999;65.9645637;29.1883283
FI F30553 EC;Kitkan Herkku Oy;Purnuntie 2;Kuusamo;93600;65.9587622;29.1414424
FI F30554 EC;Alakitkan Kalasatama;Kemijärventie 397 A;Kuusamo;93999;66.0911009;29.1551979
FI F30557 EC;Valto Pitkänen;Kajavantie 103;Kuusamo;93999;65.9774279;29.3153541
FI F30558 EC;Iijoen Lohiyhtymä Ay;Poussuntie 42 D;Kuusamo;93999;65.8148616;29.2827974
FI F30562 EC;Varisjoen Lohi Oy;Revontulentie 19;Kuusamo;93600;65.9575352;29.1415200
FI F30563 EC;Pitkäsen Kalapakaste;Sossonnimentie 240;Kuusamo;93999;65.9645637;29.1883283
FI F30564 EC;Koillismaan Luonnonkala Oy;Purnutie 2, 93600 Kuusamo;Käylä;93850;66.3006544;29.1493070
FI F30565 EC;Lammintupa Ay;Tauriaisentie 28;Kuusamo;93999;65.8232461;29.9741648
FI F30566 EC;Kuusamon Kalaperkaamo;Revontulentie 2;Kuusamo;93600;65.9575352;29.1415200
FI F32057 EC;Riekkoniemen kalahalli;Kalapolku 1;Kemijärvi;98100;66.7161179;27.4333534
FI F39853 EC;Retsbol Oy;Vasarakatu 6;Lahti;15700;60.9362747;25.5931010
FI F39854 EC;Lohimesta Oy;Seestantie 126;Mäkelä;15460;61.0432356;25.8474377
FI F40251 EC;KalaPoint Oy;Graniitintie 1;Varpaisjärvi;73200;63.3620330;27.7394212
FI F40251 EC;KalaPoint Oy;Graniitintie 1;Lapinlahti;73200;63.3620330;27.7394212
FI F40351 EC;Kalatria Oy;Ollilantie 8;Lappajärvi;62600;63.2282245;23.6292816
FI F40352 EC;Syötti ja Kalastus A.Lehto;Lehdontie 8;Itäkylä;62600;63.2266373;23.7386656
FI F40353 EC;Kärnän kalasatama;Kärnäntie 47;Lappajärvi;62600;63.2059015;23.6211930
FI F40553 EC;Lappeenrannan Kalasatama Oy;Terminaalikatu 28;Lappeenranta;53420;61.0583417;28.1862293
FI F40553 EC;Lappeenrannan Kalasatama Oy;Terminaalinkatu 28;Lappeenranta;53420;61.0493133;28.3541198
FI F41051 EC;Kalaliike Pentti Rossi;Särkeläntie 122;Äijälä;41390;62.5154629;26.0696752
FI F41052 EC;Kai Pääkkönen / Telakka;Akselikatu 2;Leppävesi;41310;62.3131996;25.8313804
FI F41053 EC;Koivulan Savukala;Kelkkamäentie 127;Lievestuore;41400;62.2538869;26.1613639
FI F42151 EC;Kalanjalostuslaitos Petteri Kiiskilä;Niementie 640;Lestijärvi;69440;63.5590047;24.7414146
FI F42251 EC;Hanka Taimen Oy;Ruukintie 2;Pankakoski;81750;63.3248306;30.1415789
FI F42255 EC;Kalalaitos Eero Muhonen;Hiekkaniemi 8;Kylänlahti;81820;63.3629621;29.7502124
FI F42352 EC;Huskon Savukalatukku;Kolmikesälänkuja 4;Lieto;21420;60.5054982;22.4584171
FI F42651 EC;Kalalaitos Aarno Kiiskinen;Kuopiontie 146 D;Viinijärvi;83400;62.6421636;29.2032202
FI F42654 EC;Kalatukku H Malinen Oy;Selkärannantie 2;Liperi;83100;62.5370175;29.3680312
FI F42951 EC;Ohtakarin kalasatama (Lohtajan Kalastajainseura ry);Ohtakarintie 990;Lohtaja;68230;64.0426621;23.4567654
FI F42952 EC;Karhin kalasatama;Kallioniementie 140;Karhi;68220;63.9850224;23.3965288
FI F43351 EC;T:mi Smokefish;Launontie 9;Launonen;12540;60.7477427;24.5806252
FI F43454 EC;Ab Semilax Oy;Troolisatama;Valkom;07910;60.4118817;26.2385236
FI F44052 EC;Ahlo fiskmottagningsstation;Ahlövägen 43;Bosund;68555;63.8189151;22.8570454
FI F44250 EC;Offshore Fish Finland Oy;Lampoorintie 198;Pori;28430;61.4866126;21.7972071
FI F44252 EC;Kala Valtanen Oy;Kuriirintie 10;Pori;28430;61.4472045;21.8292502
FI F44551 EC;Nauvo Fish Oy;Sandöntie 149;Lillandet;21650;60.1803199;22.0600664
FI F47554 EC;Ytterbådan fiskehamn;Fiskehamnsvägen;Bergö;66220;62.9684138;21.1901146
FI F47555 EC;Åminne Servicehus;Fiskbryggan, Åminne;Malax;66100;62.9370460;21.5700528
FI F47556 EC;Mereva;Majorsvägen 96;Malax;66100;62.8996988;21.4560305
FI F47557 EC;Jims Fisk;Norrvägen 309;Petalax;66240;62.8565055;21.4217702
FI F47558 EC;Sundén;Bergövägen 171;Bergö;66220;62.9553040;21.1798334
FI F47559 EC;Firma Kristoffer Lindell;;Övermalax;66140;62.9199708;21.6270448
FI F47952 EC;Oy Särkimo Hallen Ab;Skolvägen 3;Maxmo;66640;63.2141342;22.0556108
FI F47953 EC;Österöhallen;Stråkviken 60;Maxmo;66640;63.2141342;22.0556108
FI F48150 EC;Lohikunta Oy;Vilumaantie 25;Masku;21250;60.5760421;22.1531117
FI F48451 EC;Kalaliike Eljas Santa;Varvintie 19;Merikarvia;29900;61.8492584;21.4845747
FI F48552 EC;Kalastusyhtymä Sahlsten;Lossintie 20;Merimasku;21160;60.4799034;21.8715380
FI F49850 EC;Säilykekauppa.fi Muonio Oy;Pallaksentie 601;Muonio;99300;67.9480352;23.9965998
FI F49851 EC;Boreal Foods Oy;Kalasatamantie 46;Muonio;99300;67.9593397;23.6774037
FI F49956 EC;Ab Kala-Lasse Oy;Båtvägen 3;Replot;65800;63.2293400;21.3837697
FI F49957 EC;Ruotsala Fjärskär;Alskatvägen 1346;Iskmo;65760;63.2026177;21.6034668
FI F49960 EC;Vikarskat fiskhanteringsanläggning;Björköby fiskehamn;Björköby;65870;63.3448024;21.3235398
FI F49961 EC;Fjärdskärs fiskhanteringsanlägging;Alskatvägen 1344;Iskmo;65760;63.2026177;21.6034668
FI F49962 EC;Oy Kräftparti järf Ab;Klobbvägen 5;Karperö;65630;63.1568250;21.6918126
FI F49963 EC;Gunnel´s Fisk Öb;Björkövägen 691;Björköby;65870;63.3430750;21.3277456
FI F50052 EC;Ryhi Oy;Majalantie 9;Muurame;40950;62.1001845;25.6521770
FI F50351 EC;Palvi Ja Savupalvelu Heikkilä Oy;Valtakatu 32;Mynämäki;23100;60.6911561;21.9792091
FI F50452 EC;Myrskylän Savu Oy;Kylänpääntie 45;Myrskylä;07600;60.6604560;25.8450757
FI F52952 EC;Scandinavian Seefood Group Ltd;Niittikuja 1;Naantali;21110;60.4945573;22.0602567
FI F53151 EC;Nakkilan nahkiaispaistamo;Vanha Vuohimäentie 11;Nakkila;29250;61.3660154;21.9862791
FI F53352 EC;Haverön Lohi Oy;Lohitie 12;Nauvo;21660;60.2325357;22.0539740
FI F53357 EC;Piipanoja Ky;Savustamontie 5-1;Lillandet;21650;60.2015854;22.0670860
FI F54152 EC;Pielisen Kalajaloste Oy;Pitkäkoskentie 26;Nurmes;75500;63.6650624;29.1178266
FI F54154 EC;Pielispakari Oy;Porokyläntie 23;Nurmes;75530;63.5422079;29.1410100
FI F54154 EC;Pielispakari Oy;Porokylänkatu 23;Nurmes;75530;63.5553419;29.1064615
FI F54155 EC;Porokylän Leipomo Oy;Kyrönrannankatu 2;Nurmes;75500;63.5441321;29.1653663
FI F54155 EC;Poronkylän Leipomo Oy;Kyrönrannankatu 2;Nurmes;75500;63.5441321;29.1653663
FI F54156 EC;Nurmeksen Savukala Oy;Hiekkatie 6;Nurmes;75530;63.5624236;29.0691843
FI F54554 EC;Närpes Fiskdelikatesser Ab Oy;Norrnäsvägen 469;Rangsby;64550;62.5856570;21.2606100
FI F54560 EC;Polarfilé Finland;Nämpnäsvägen 142;Nämpnäs;64510;62.5048058;21.2199154
FI F56251 EC;Boondock´s /Elintarvikeosasto;Paimenkoirantie 96;Orivesi;35300;61.6085378;24.2019120
FI F56451 EC;Hätälä Oy;Palokankaantie 298;Oulu;90410;64.9630715;25.5414019
FI F56453 EC;Calasta Oy;Yritystie 7;Jääli;90940;65.0705126;25.6387463
FI F56454 EC;Halosenlahden Kala;Greuksentie 98;Halosenniemi;90860;65.2398467;25.3447225
FI F56455 EC;Kiinteistö Oy Laitakari;Laitakarintie 120;Martinniemi;90830;65.2172815;25.2950239
FI F56456 EC;Laitakarin perkaamo;Laitakarintie 127;Martinniemi;90850;65.2183037;25.2677005
FI F56753 EC;Riuttu Fisk Oy;Hailuodontie 1386;Varjakka;90470;64.9744379;25.2919733
FI F56755 EC;Vihiluodon Kala Ky;Rytiniementie 4;Liminka;91910;64.8653775;25.5220049
FI F57353 EC;Suomen Kalatalous- Ja Ympäristö-Instituutti;Kalakouluntie 72;Kirjala;21610;60.3226378;22.3555959
FI F57354 EC;Fishcraft Oy;Kalakouluntie 72;Parainen;21610;60.3226378;22.3555959
FI F57652 EC;Padaskala Oy;Laivarannantie 39;Padasjoki;17500;61.3603566;25.2910597
FI F57653 EC;Tapio Peltomäki Ky;Vaimolahdentie 32;Padasjoki;17500;61.4365283;25.3046314
FI F57853 EC;Kainuun sienijaloste SIENESTÄ Oy;Purotie 6;Kontiomäki;88470;64.3337128;28.1086040
FI F57856 EC;Paltamon Kalatalo;Metelintie 2;Paltamo;88300;64.4021035;27.8612546
FI F58251 EC;Kalatuote Annunen Oy;Kylmäläntie 136;Pattijoki;92140;64.6879200;24.6153514
FI F58751 EC;J&M Hilska;Karistonjantie 680;Pertteli;25190;60.4499496;23.2419585
FI F59551 EC;Nilakan Savukala, T:Mi Pekka Jäntti;Kemilänniementie 256;Säviäntaipale;72530;63.1201406;26.6297510
FI F59552 EC;Säviän Kala Oy;Säviäntie 20 B;Säviä;72550;63.2034826;26.6643917
FI F59851 EC;Fiskboden Kala-Aitta;Ådövägen 470;Jakobstad;68600;63.7057117;22.6280175
FI F59852 EC;Ådo Centralfiskehamn;Ådovägen 470;Jakobstad;68600;63.7057117;22.6280175
FI F59855 EC;Snellmanin Kokkikartano Oy;Permonkaarre 111;Pietarsaari;68600;63.6793594;22.7276075
FI F60153 EC;Ukonniemen kalasatama;Ukonniementie 103;Pihtipudas;44800;63.3087052;25.6621602
FI F60450 EC;Kalaherkut Oy Nygren;Turkkiranta 2;Pirkkala;33960;61.4661459;23.6462649
FI F60957 EC;Mäkisen Tyttäret Oy;Korpraalintie 6;Pori;28600;61.4909423;21.7399711
FI F60960 EC;Selkämeren Jää Oy;Reposaaren kalasatama;Pori;28900;61.4866126;21.7972071
FI F60964 EC;Reposaaren rannikkokalastajien osuuskunta;Reposaaren kalasatama;Pori;28900;61.4866126;21.7972071
FI F61151 EC;Uudenmaan Kala Oy;Välitie 5;Pornainen;07170;60.4799571;25.3743539
FI F61255 EC;PNM-Chipsters Oy, Porvoon tuotantolaitos;Itätuulentie 6;Porvoo;06150;60.3937088;25.7050481
FI F61459 EC;Mourusalmen kalasatama;Kuusamontie 123 A;Posio;97900;66.0934644;28.4149341
FI F61461 EC;T:mi Seppo Ruokamo;Maaninkavaarantie 167;Karjalaisenniemi;97890;66.2488538;28.2025202
FI F61660 EC;Pukkilan Kala Oy;Pajatie 3;Pukkila;07560;60.6489451;25.5745029
FI F61851 EC;Puruveden Kala ja Loma ky;Kesälahdentie 1614, 58520 Huikkajoki;Punkaharju;58500;61.7995222;29.6259327
FI F61852 EC;Kala-Kutvonen;Kiviapajantie 3379;Savonlinna;58690;61.5618381;29.0547850
FI F61852 EC;Kala-Kutvonen;Kiviapajantie 3379;Ala-Särkilahti;58690;61.5618381;29.0547850
FI F62053 EC;Lylyjoen Lohi Ky;Pesiöntie 100;Joukokylä;89320;65.0361042;28.0969495
FI F62351 EC;Puumalan Lohi Oy;Lohentie 117;Puumala;52200;61.5372395;28.2003098
FI F62356 EC;Kalastuspalvelu A.Laine;Saunaniementie 35;Lohilahti;58620;61.6056209;28.6918258
FI F62553 EC;Elävisluodon kalankäsittelyhalli;Elävisluodontie 243;Yppäri;86170;64.4069473;24.0913115
FI F62651 EC;Emoniemen kalasatama;Kalasatamantie 70;Pyhäsalmi;86800;63.6136339;25.9272402
FI F67850 EC;Lapaluodon Kalahalli;Helmilaiturintie 72;Lapaluoto;92180;64.6665437;24.4121503
FI F67851 EC;Piehingin Kala Ay;Aronlammentie 21;Piehinki;92220;64.5708297;24.3952703
FI F68052 EC;Leroy Finland Oy;Pajakatu 2;Turku;20320;60.4971806;22.2194529
FI F68053 EC;T:mi Turun Kalapalvelu;Ahorinteentie 4;Rusko;21290;60.5069172;22.2174223
FI F68054 EC;Suomen Sillikonttori Oy;Rööläntie 365;Röölä;21150;60.3472344;21.9564564
FI F68153 EC;Tmi Markku Kettunen;Alaharjuntie 14;Rantasalmi;58900;62.1852186;28.1811258
FI F68350 EC;Arctic Circle Delight Oy / Ranuan Kalajaloste Oy;Laaksotie 24;Ranua;97700;65.9346374;26.5032851
FI F68350 EC;Arctic Circle Delight Oy / Ranuan Kalajaloste Oy;Simojärventie 212 B;Ranua;97700;66.1427671;26.9644792
FI F68455 EC;Rauman Kalasatamaosuuskunta;Anderssonintie 2 B;Rauma;26100;61.1281466;21.4803998
FI F68651 EC;Hanka-Taimen Oy;Rautalammintie 651;Rautalampi;77700;62.6752848;26.8364710
FI F68652 EC;Vempan Kalat;Samulintie 63;Rautalampi;77700;62.6702520;26.7509879
FI F68750 EC;Rautavaaran luonnonherkut;Kangaslahdentie 200;Kangaslahti;73990;63.4156768;28.1216904
FI F69251 EC;Heimon Kala Oy;Käräjämäentie 6;Renko;14300;60.8951297;24.2740321
FI F69951 EC;Napapiirin Kala Oy;Kuusamontie 5103;Vanttauskoski;97625;66.3748269;26.6835484
FI F70152 EC;Kuusisen Kala Oy;Tekniikkatie 2;Tesjoki;07955;60.4721168;26.2906529
FI F70153 EC;Ahvenkosken Kalansavustamo Oy;Markkinamäentie 137;Ahvenkoski;07960;60.4924796;26.4461663
FI F70552 EC;Orkla Foods Finland Rymättylän tehdas;Sillitie 1;Rymättylä;21150;60.3778747;21.9394094
FI F70557 EC;Röölän Kala Ky;Pitkäluodontie 147;Röölä;21150;60.3387215;21.9364747
FI F72952 EC;Tarmon Kalamestarit Oy;Viitasaarentie 184;Saarijärvi;43100;62.7157373;25.2972803
FI F73251 EC;Karhutunturin Lohi Oy;Naruskantie 170;Naruska;98960;67.1264105;29.1594859
FI F73451 EC;Kalaliike Asp Oy;Torpankatu 2;Salo;24100;60.3928585;23.1460707
FI F74055 EC;Sirkan Leipomo;Pihlajavedentie 25;Savonlinna;57170;61.8751606;28.8507415
FI F74056 EC;Pihlajaveden Kala Oy;Luukaalantie 50;Savonlinna;57810;61.8698740;28.8800450
FI F74056 EC;Pihlajaveden Kala Oy;Luukkaalantie 50;Savonlinna;57810;61.8009547;28.7444925
FI F74059 EC;Kerimäen kalatalo;Kalatie 2;Kerimäki;58200;61.9036746;29.2694989
FI F74060 EC;Erosen kala Oy;Tuottajantie 1;Savonlinna;57230;61.8502462;28.9801383
FI F74061 EC;Oravin Kyläkauppa, kala-alan laitos;Kiramontie 27;Oravi;58130;62.1149669;28.6056530
FI F74851 EC;Siikajoen Meripalvelu Ky;Kanervatie 10;Siikajoki;92320;64.8122441;24.7531217
FI F74951 EC;Kala-Lappi Oy;Kapteeninväylä 7;Toivala;70900;62.9842164;27.7543955
FI F75152 EC;Karsikon Huoltohalli;Karsikontie;Maksniemi;95230;65.6789625;24.7863551
FI F75551 EC;Four Seasons Fish Ay;Rannikkotie 62 a;Siuntio;02580;60.0930226;24.2405926
FI F75851 EC;Kiveliön Kala Ky;Ivalontie 6566;Sodankylä;99600;67.4814476;26.6045869
FI F75853 EC;Lokan Jaloste;Purnusaarentie 11;Lokka;99645;67.8192337;27.7509708
FI F75854 EC;Siltaharjun Kalasatama;Siltaharjuntie;Syväjärvi;99740;67.2956109;25.9170024
FI F75856 EC;AdAlta Oy;Leinonperäntie 136;Salo;24240;60.3879158;23.1248694
FI F75857 EC;Kramat Oy;Ivalontie 8766;Vuotso;99690;68.1007053;27.1214789
FI F76553 EC;Esko Korhonen;Rantakyläntie 16;Tuhkakylä;88120;64.0482095;28.1083453
FI F77751 EC;Kalankasvatus Vääräniemi Oy;Hossantie 46;Ruhtinaansalmi;89920;65.4657625;29.5379805
FI F77754 EC;Kainuun Kalatuote Oy;Rosmariinintie 5;Suomussalmi;89600;64.8597745;28.9465705
FI F77755 EC;Ruokapuiston kalankäsittelytila;Rosmariinintie 5;Suomussalmi;89600;64.8597745;28.9465705
FI F77852 EC;Toripiha Oy;Raviradankatu 6;Suonenjoki;77600;62.6241926;27.1245609
FI F78352 EC;Säkylän Kalasatama;Katismaantie 18;Säkylä;27800;61.0476594;22.3244222
FI F78354 EC;Kolvaan Kala Oy;Kolvaantie 89;Yläne;21900;60.8801075;22.4102936
FI F78555 EC;Kiloniemen kalasatama;Kiloniementie 325;Manamansalo;88340;64.4148065;27.1305150
FI F78557 EC;Mauno Leinonen;Kivarinperäntie 111;Vaala;88340;64.3745697;27.1408534
FI F83151 EC;Häkkisen Kalastusyritys;Kyläniementie 1091;Kyläniemi;56350;61.2931380;28.1789491
FI F83254 EC;Koston Kalasatama;Venesatamantie 49;Taivalkoski;93400;65.5752942;28.2425866
FI F83256 EC;Taivalkosken riistan- ja kalantutkimus;Ohtaojantie 19;Taivalkoski;93400;65.6005392;28.0440929
FI F83257 EC;Kostonjoen Lohi Oy;Kallioistentie 7;Taivalkoski;93400;65.5752942;28.2425866
FI F83351 EC;LänsiRannikon Kala Oy;Kalarannantie 175;Taivassalo;23310;60.5209036;21.6587788
FI F84456 EC;Pietarin Kala Oy;Arontie 60;Tervo;72210;62.8642010;26.7362994
FI F84457 EC;Nilakka Lohi Oy;Huuhtajantie 160;Tervo;72210;63.0268128;26.6659473
FI F85151 EC;Kalaliike Hast Oy;Mäkikalliontie 3;Tornio;95420;65.8361029;24.2011167
FI F85152 EC;Kalaliike Haavi;Jokivarrentie 1677;Kukkola;95520;65.9680563;24.0603633
FI F85351 EC;Lohikunta osuuskunta;Juhana Herttuan Puistok18;Turku;20100;60.4515944;22.2669983
FI F85353 EC;Martin Kala Oy;Verstaskatu 4;Turku;20360;60.4942212;22.2558921
FI F85356 EC;Kauppahallin kalalaitos;Linnankatu 16;Turku;20100;60.4488803;22.2664875
FI F85451 EC;Miekojärven kalasatama;Pientie 3 B;Sirkkakoski;95780;66.6772782;24.3959435
FI F85752 EC;Pielisen Kalajaloste Oy, Tuusniemen Kalaperkaamo;Meijerintie 16, Tuusniemi;Nurmes;75500;63.5554025;29.1034597
FI F85850 EC;Etelä-Suomen Savukala;Konetie 8;Tuusula;04300;60.3817808;25.0578716
FI F85951 EC;Willikala;Kisällinkuja 8;Tyrnävä;91800;64.7534343;25.6432067
FI F88653 EC;Sataherkku Oy;Uusitie 6;Ulvila;28400;61.4337815;21.8651941
FI F89351 EC;Brännskata Fiskare Ab/ Brännskata fiskehamn;Brännskata fiskehamn, Vexala;Nykarleby;66901;63.5222473;22.5284347
FI F89355 EC;Grisselö Fiskhanteringsuttrymme;Grisselövägen 124;Socklot;66910;63.5701775;22.5524030
FI F89357 EC;Monäs Renshus;Monäsvägen 735;Hirvlax;66970;63.4487224;22.3479928
FI F89551 EC;Kalaset Oy;Välttitie 1;Uusikaupunki;23500;60.8008255;21.4736972
FI F89555 EC;Rantamaan Lohi Oy;Ihamontie 342;Pyhämaa;23930;60.9775392;21.3242455
FI F89558 EC;Selkämeren Jää Oy;Suukarintie 9;Uusikaupunki;23500;60.7967046;21.3908053
FI F89562 EC;Troolari Olympos Oy;Kainpirtintie 3;Uusikaupunki;23500;60.7982826;21.3902078
FI F89565 EC;Kalastaja Vento Aalto;Meri-Ihamontie 10;Pyhämaa;23930;61.0039649;21.2970269
FI F89566 EC;Uudenkaupungin Kalanlajittelukeskus;Kainpirtintie 3;Uusikaupunki;23500;60.7982826;21.3902078
FI F89567 EC;Pyhämaan Kalasatama;Ristikarintie 69;Pyhämaa;23930;60.9985588;21.2870958
FI F89569 EC;Rannikon Kalatuote ky;Pyhämaantie178;Uusikaupunki;23500;60.8480441;21.0156720
FI F90552 EC;Firma I. Rönnqvist;Söderfjärdsvägen 112 B;Sundom;65410;63.0042692;21.5209431
FI F90556 EC;Kvarkens Fisk Ab Merenkurkun Kala Oy;Västersvägen 27 B;Sundom;65410;63.0303239;21.5045520
FI F90557 EC;M. Martin Fiskrökeri;Söderfjärdsvägen 414 B;Sundom;65410;63.0042692;21.5209431
FI F90558 EC;Fiskförädling S Öhman;Långängstået 115 B;Sundom;65410;63.0334362;21.5478356
FI F91251 EC;Kalaneuvos Oy;Hukkasentie 25;Sastamala;38220;61.3503315;23.0631888
FI F91553 EC;SKA Unlimited Oy;Keilatie 1;Oravikoski;71470;62.5820597;27.6082418
FI F91554 EC;Finnforel Oy, jalostamo;Satakunnankatu 10, portti 1;Varkaus;78300;62.3282224;27.8871498
FI F92152 EC;Vesannon kala-asema;Teollisuustie 2;Vesanto;72300;62.9302543;26.4089399
FI F92153 EC;Harakan Kala;Horonkyläntie 874;Närhilä;72360;62.8427626;26.2983534
FI F93154 EC;T:mi Konstan Kala;Hanislahdentie 844;Suovanlahti;44670;63.0030340;26.0627998
FI F93158 EC;Vainion kalahalli;Ilmolahdentie 403;Ilmolahti;44530;62.9368796;25.8123020
FI F93451 EC;Vimpelin Katajalahden kalankäsittelytila;Pokelantie 439;Vimpeli;62800;63.1394535;23.7787213
FI F93452 EC;JJJ Jaloste Oy;Pokelantie 439;Vimpeli;62800;63.1394535;23.7787213
FI F93551 EC;Kellosalmen Lohi Oy perkaamo;Tillitie 140;Virolahti;49900;60.5096701;27.5877293
FI F93552 EC;Nakarin kalanviljelylaitos Ky / perkaamo;Ruonaantie 19;Virolahti;49900;60.5239713;27.7137925
FI F93553 EC;Kalasomeri Oy;Ruonaantie 9;Virolahti;49900;60.5239713;27.7137925
FI F99250 EC;Tmi Toni Rautiainen;Liimattalantie 1101 B;Liimattala;44420;62.7408729;25.7866779
FI FI017 EC;Torpon munapakkaamo;Karhiniementie 94;Sastamala;32740;61.2657650;22.6494364
FI FI020 EC;Jani Ahtila;Ahtilantie 40 A;Hattula;13720;61.0941856;24.3305098
FI FI023 EC;DAVA Foods Finland Oy;Piispanristintie 8;Kaarina;20761;60.4196101;22.3353357
FI FI024 EC;Juholan tilapakkaamo;Juholantie 48;Laukaa;41370;62.5248219;25.8622275
FI FI028 EC;Satamuna Oy;Mykorantie 198;Eura;27430;61.2179472;22.0136665
FI FI037 EC;Oinon kanala;Oinontie 31;Ylöjärvi;34150;61.7294007;23.5092060
FI FI042 EC;Tapanilan Kasvatuskanalan pakkaamo;Vesiniityntie 102;Huittinen;32700;61.1925126;22.6729344
FI FI053 EC;Munax Oy;Torikantie 5;Laitila;23800;60.9291071;21.6133567
FI FI055 EC;Kuvalan kanalan pakkaamo;Kuvalanranta 5;Mäntyharju;52920;61.3042913;26.7917852
FI FI071 EC;Oy Eggpac Ab;Åsbackavägen 634;Kronoby;68500;63.6378309;23.1905710
FI FI079 EC;Munapakkaamo Leevi Riutola;Porolantie 390;Kokemäki;32800;61.2994128;22.3237615
FI FI085 EC;Antti Pulli;Sunilantie 72;Lappeenranta;53100;60.9809963;28.2907585
FI FI086 EC;Munapiste Stam;Riikolantie 470;Tohmajärvi;82600;62.1606440;30.2532902
FI FI088 EC;Konapin kanala;Konapintie 62;Kuhmo;88900;64.2175035;29.0108160
FI FI096 EC;Puurin Kanala;Kiehuvantie 156;Kouvola;45100;60.8435568;26.7467956
FI FI10 EC;DAVA Foods Finland Oy;Piispanristintie 8;Kaarina;20761;60.4196101;22.3353357
FI FI12 EC;Farmimuna Oy;Kulmalankuja 30;Oripää;32500;60.8849638;22.6239951
FI FI145 EC;Aittolahden kananmunapakkaamo;Aittolahdentie 14;Kuhmoinen;17800;61.5256481;25.1850602
FI FI15 EC;Satamuna Oy;Mykorantie 198;Eura;27430;61.2179472;22.0136665
FI FI16 EC;Munax Oy;Torikantie 5;Laitila;23800;60.9291071;21.6133567
FI FI161 EC;Farmimuna Oy;Kulmalankuja 30;Oripää;32500;60.8849638;22.6239951
FI FI168 EC;Maku-Muna Oy;Palolaistentie 181;Mynämäki;23100;60.6965837;21.9082186
FI FI17 EC;Munax Oy Kustavi;Vanhaniementie 39;Kustavi;23360;60.5163047;21.3977838
FI FI185 EC;Kurjessuon Munapakkaamo;Tuomolantie 370;Paimio;21530;60.5040388;22.6516249
FI FI186 EC;Kyheröisen Kanala;Heikolantie 457;Marttila;21490;60.5829993;22.8977516
FI FI193 EC;Haga gårdspackeri;Vargholmsvägen 144;Närpiö;64510;62.4483386;21.2668184
FI FI194 EC;Kieku Oy;Lamminkatu 46;Loimaa;32200;60.8411640;23.0197696
FI FI199 EC;Pesosen kanala;Kehtovaarantie 7 b;Joensuu;82140;62.3879273;30.4758558
FI FI200 EC;Kanakumppanit Oy / Kotimuna Oy;Saarenmaantie 95/Orisuo;Loimaa;32250;61.0218272;23.0865735
FI FI201 EC;Munatukku Nikula Oy;Ihamäentie 311;Somero;31400;60.6356080;23.5453976
FI FI203 EC;Laitilanmäki munapakkaamo;Laitilantie 110;Siilinjärvi;71800;63.0643161;27.7085690
FI FI204 EC;Mika Vatanen;Haapovarantie 341;Joensuu;82170;62.6005753;29.7622128
FI FI207 EC;Kannisen kanala;Rantatie 171 a;Suonenjoki;77600;62.5817076;27.1581906
FI FI211 EC;Oja-Nisulan munapakkaamo;Nisulantie 20;Kurikka;61300;62.6458033;22.4300197
FI FI212 EC;Ojan pakkaamo;Ojantie 7;Kalajoki;85140;64.1882386;24.0561473
FI FI213 EC;Nils Sjöberg äggpackeri;Västankärrsvägen 40;Hanko;10900;59.8393772;23.0513647
FI FI214 EC;Kuorttisen luomukanala;Soskuantie 91;Lappeenranta;53400;61.0648175;28.3885004
FI FI215 EC;Tobias Dahlblom;Österlandsvägen 152;Närpiö;66270;62.6921243;21.6728782
FI FI217 EC;Ajonpään tilan munapakkaamo;Alasinkuja 54;Lohja;03850;60.4863771;23.9353334
FI FI218 EC;Mäntymäen Luomu Oy;Mäntymäentie 52;Hyvinkää;05470;60.5784361;24.9339867
FI FI220 EC;Stonegg Oy;Pieksämäentie 1893;Juva;51860;62.0286770;27.5909358
FI FI221 EC;Maatalousyhtymä Heinonen Timo ja Heinonen Toni;Peteksentie 155;Uusikaupunki;23660;60.7670143;21.5468025
FI FI222 EC;Tom Pensar;Gullbackvägen 71;Vöyri;66840;63.3275249;22.5228223
FI FI223 EC;Tuohiston munapakkaamo;Tuohistontie 79;Kurikka;61710;62.4209840;22.7701765
FI FI224 EC;Ellun kanat ja munat;Ristisillantie 187 A;Salo;25320;60.5285242;23.1516464
FI FI225 EC;Aaltosen kananmunapakkaamo;Alankontie 40;Säkylä;27840;61.0916654;22.3999845
FI FI226 EC;Muurahaismäen munapakkaamo;Luukkolantie 85;Juva;51980;61.7224875;28.0341278
FI FI227 EC;Munax kanala / Mynämäki;Krouvinummentie 160;Mynämäki;23100;60.7581621;21.9032257
FI FI229 EC;Valpolan tila;Kaukomäentie 340;Eurajoki;27130;61.2276097;21.8299007
FI FI230 EC;Lindfors Jan-Peter;Fors-Gersvägen 163;Pedersöre;68820;63.6062251;23.0124816
FI FI232 EC;Hornan munapakkaamo;Vampulantie 200;Humppila;32610;60.9333330;23.3666670
FI FI233 EC;AgriTapio Oy;Aarikkalantie 142;Sastamala;32730;61.2667860;22.6898175
FI FI234 EC;Munapakkaamo Houtskärs fårfarm - Houtskarin lammastila;Ankokintie 30;Parainen;21770;60.2591037;21.3998866
FI FI235 EC;Kaistin Tila Oy;Uudenniityntie 115;Huittinen;32700;61.1250636;22.6243970
FI FI503 EC;Antti Seppä, viiriäisenmunapakkaamo;Palolaistentie 580;Mynämäki;23100;60.6965837;21.9082186
FI S049100 EC;Leipurin Oy;Tahkotie 1 E2;Vantaa;01530;60.3011537;24.9126908
FI S061101 EC;HKFoods Finland Oy;Teollisuuskatu 17;Forssa;30420;60.8231570;23.5981217
FI S069100 EC;Ternijaloste Jari Mustanoja;Härkösentie 158;Haapajärvi;85800;63.7514785;25.3134586
FI S091100 EC;PNM - Chipsters Oy;Päiväläisentie 2;Helsinki;00390;60.2308450;24.8646914
FI S091126 EC;DAT-Schaub Finland Oy;Suokallionkuja 8 D;Vantaa;01740;60.3062066;24.8872496
FI S092101 EC;HAVI Logistics Oy;Tiilitie 9;Vantaa;01720;60.2841641;24.8197063
FI S092110 EC;Oy KWH Freeze Ab;Viinikankaari 10;Vantaa;01530;60.3277807;24.9152092
FI S092120 EC;Kesko Oyj/ Keskusvarasto 1;Tikkurilantie 5;Vantaa;01380;60.2922684;25.0759643
FI S092121 EC;Casmo Oy;Kylänpääntie 4 B;Vantaa;01750;60.3365724;24.8335602
FI S092122 EC;Kesko Oyj/ Keskusvarasto 2;Kyytitie 31;Vantaa;01380;60.2858191;25.0760370
FI S092124 EC;E.Gavrielides Oy;Kisällintie 6;Vantaa;01730;60.3067584;24.8533717
FI S092131 EC;Jääsaukko Oy;Itäinen Valkoisenlähteentie 21;Vantaa;01260;60.2970995;25.1000917
FI S092132 EC;Wihuri Oy Aarnio Metro-tukku logistiikkakeskus;Suokallionkuja 2;Vantaa;01740;60.3049582;24.8926382
FI S092135 EC;Kovanen Capital Oy;Mestarintie 17;Vantaa;01730;60.3100172;24.8537880
FI S092137 EC;LTP Cargo Oy Vantaa;Väinö Tannerin tie 1;Vantaa;01510;60.2904605;24.9582251
FI S092138 EC;LTP Logistics Oy Katriinantie;Katriinantie 20 A;Vantaa;01530;60.3206593;24.9107640
FI S092139 EC;Menumat Oy;Varpukalliontie 2;Vantaa;01530;60.3291362;24.9204212
FI S165100 EC;LIDL Suomi Ky;Rastikankaantie 6;Turenki;14200;60.9204847;24.6510032
FI S165101 EC;M J Koskinen Oy;Painotie 17;Turenki;14200;60.9423280;24.6221809
FI S169100 EC;Pakva Oy;Nupikuja 10;Jokioinen;31600;60.8053680;23.4836483
FI S186100 EC;Lidl Suomi Ky, Järvenpään jakelukeskus;Riffikatu 4;Järvenpää;04430;60.4531731;25.1180462
FI S202100 EC;Hes-Pro (Finland) Oy;Terottajankatu 1;Kaarina;20870;60.4071690;22.3678223
FI S208100 EC;Hätälä Oy;Tomujoentie 1;Himanka;68100;64.0438390;23.6480332
FI S211101 EC;Varastopalvelu Vatiala;Veturitie 16;Kangasala;36240;61.4752154;23.9590120
FI S213100 EC;Pienikankaan Lihatila;Hankasalmentie 474;Kangasniemi;51200;62.1051885;26.6406483
FI S231100 EC;Fish Logistic Center/Andelslaget Kaskö Fryseri;Fiskhamnsvägen 155;Kaskö;64260;62.3845858;21.2225761
FI S231100 EC;Fish Logistic Center/ Andelslaget Kaskö Fryseri;Fiskehamnsvägen 155;Kaskö;64260;62.3499285;21.2213108
FI S232101 EC;Kauhajoen Kuljetus Oy;Katsastustie 7;Kauhajoki;61800;62.4290592;22.1988677
FI S245102 EC;Barons Food Oy;Jäspilänkatu 29;Kerava;04250;60.3879960;25.1047279
FI S265100 EC;Kivijärven jäähileasema;Satamatie 1;Kivijärvi;43800;63.1190344;25.0775149
FI S272100 EC;Oy Östman Trading Ab;Isokalliontie 3;Kokkola;67600;63.8123049;23.1890335
FI S285100 EC;Oy Shipstores Nyman & Co Ltd;Runeberginkatu 13 A;Kotka;48200;60.4745444;26.9229214
FI S287101 EC;Dagsfood Oy;Åbackantie 247;Dagsmark;64320;62.2424566;21.6655377
FI S297105 EC;LogiWare Oy;Päivärannantie 10;Kuopio;70420;62.9302324;27.6836834
FI S297106 EC;Valio Oy;Pienen Neulamäentie 5;Kuopio;70800;62.8438019;27.5995036
FI S305100 EC;Riipisen Riistaherkut Oy;Järvenpääntie 1;Kuusamo;93600;65.9894278;29.1564429
FI S305101 EC;Heino Pitkänen;Sossonniementie 240;Kuusamo;93800;65.9777192;29.2650904
FI S398104 EC;HC-Systems Oy;Kukonkoskenkatu 8;Lahti;15700;60.9518450;25.6082122
FI S402100 EC;Valio Oy, Varpaisjärven varasto;Tallisentie 3;Varpaisjärvi;73200;63.3641502;27.7361148
FI S402101 EC;Valio Oy, Asematien varasto;Asematie 77;Lapinlahti;73100;63.3554037;27.4018063
FI S405100 EC;Valio Ltd.;Meijerinkatu 4;Lappeenranta;53500;61.0515139;28.2220153
FI S410100 EC;Lidl Suomi Ky Laukaan jakelukeskus;Lentoemännäntie 6;Vehniä;41190;62.4391765;25.6803598
FI S418100 EC;Jääsaukko Oy;Hulikanmutka 9;Lempäälä;37570;61.3615623;23.8320739
FI S418101 EC;Transval 3PL Contract Logistics Oy;Rajamäentie 5;Lempäälä;37570;61.3685798;23.8135507
FI S418102 EC;Kylmasti Paras Oy Lempäälän terminaali;Rajamäentie 5;Lempäälä;37570;61.3685798;23.8135507
FI S423100 EC;Vino Fino Finland Oy;Uusi Littoistentie 1;Littoinen;20660;60.4461117;22.3886061
FI S423101 EC;Suomen Viljava Oy;Viljavarastontie 14;Loimaa;32200;60.8413894;23.0691659
FI S478101 EC;Ab Mariehamns Parti;Dalkarbyvägen 6;Mariehamn;22100;60.1255553;19.9457870
FI S481100 EC;Jääholvi Oy;Simolantie 4;Masku;21250;60.5348312;22.0566871
FI S499100 EC;Oy Riitan Herkku Ab;Kauppatie 1;Korsholm;65610;63.1294799;21.7348370
FI S507100 EC;Vierulan Tila;Salmentie 517 b;Pankalahti;52970;61.3862123;26.5692693
FI S529101 EC;Amestrans Ky;Koivistontie 7;Rymättylä;21140;60.3778747;21.9394094
FI S535101 EC;T:mi Ternivälitys T. Sarja;Ruuskankyläntie 54;Ruuskankylä;85660;63.9546097;25.2573001
FI S564100 EC;Oulun Autokuljetus Oy;Merilinja 2;Oulu;90400;64.9893817;25.4297656
FI S564104 EC;Ab ME Group Oy Ltd;Poikkimaantie 2;Oulu;90400;64.9846448;25.4426017
FI S598101 EC;Ab Jeppis Freeze Oy;Karviksgatan 4;Pietarsaari;68600;63.6883546;22.7043043
FI S604100 EC;Elintarviketukku Rikainen Oy;Lasikaari 7;Pirkkala;33960;61.4340941;23.6234617
FI S623101 EC;Puumalan Hatsapuri Oy;Airotie 2;Puumala;52200;61.5333783;28.1816960
FI S704100 EC;Saariston Savutuote Oy kylmävarasto;Aholantie 8;Rusko;21290;60.5096405;22.2185944
FI S740100 EC;Kespro Oy Savonlinnan tukku;Tulliportinkatu 8;Savonlinna;57100;61.8686542;28.8700775
FI S743101 EC;HahkaWay Oy;PL 316;Seinäjoki;60101;62.7906684;22.8398019
FI S743102 EC;Tukkutalo Heinonen Oy;Tuottajantie 41;Seinäjoki;60100;62.7894570;22.8589039
FI S743104 EC;Valio Oy / Mannertalo;Varastotie 11;Seinäjoki;60100;62.7909699;22.8672474
FI S743106 EC;SaVe Logistiikka Oy / Tuottajantie 7;Tuottajantie 7;Seinäjoki;60100;62.7894570;22.8589039
FI S743107 EC;Kuljetusliike Järvimäki Oy;Tuottajantie 53;Seinäjoki;60100;62.7894570;22.8589039
FI S743109 EC;HahkaWay/Botnia Freeze Oy;Keksijäntie 2;Seinäjoki;60100;62.7784259;22.8987738
FI S743110 EC;YV6;Yhdistelmäväylä 6;Seinäjoki;60100;62.7732412;22.9006685
FI S743112 EC;SaVe Logistiikka Oy / Varastotie 9;Varastotie 9;Seinäjoki;60100;62.7909699;22.8672474
FI S743113 EC;Jääsaukko Oy Seinäjoki;Varastotie 9;Seinäjoki;60100;62.7909699;22.8672474
FI S778100 EC;Toripiha Oy Suonenjoki;Raviradankatu 6;Suonenjoki;77600;62.6241926;27.1245609
FI S783100 EC;Pakkasvakka Oy;Vetikontie 30;Säkylä;27800;61.0625187;22.3207687
FI S832101 EC;Seppo Juntunen;Irninrannantie 84;Tyrövaara;93540;65.5528084;28.9085594
FI S849100 EC;Osuuskunta Maitokolmio;Sievintie 8;Toholampi;69300;63.7754322;24.2540654
FI S853102 EC;Orkla Suomi Finland Oy Ab;Rydöntie 20;Turku;20360;60.5028012;22.2936303
FI S853111 EC;DEMO Logistiikka Oy;Rieskalähteentie 70;Turku;20300;60.4716715;22.2608700
FI S853112 EC;Hedvi Markkinointi Oy;Telekatu 2;Turku;20360;60.4917224;22.2888614
FI S858102 EC;Jääsaukko Oy Cold;Teollisuustie 3;Tuusula;04300;60.3820565;25.0462529
FI S858103 EC;Meira Nova Oy;Palkkitie 10;Tuusula;04300;60.3891045;25.0389355
FI S858107 EC;Valio Oy Länsikangas;Jusslansuu 2;Tuusula;04360;60.3404924;25.0129760
FI S858108 EC;Valio Oy Itäkangas;Pakkasraitti 1;Tuusula;04360;60.3416889;25.0197966
FI S858109 EC;Logitri Oy;Högberginhaara 10;Tuusula;04360;60.3476573;25.0288690
FI S908100 EC;Saarioisten keskuslähettämö Oy;Tikinmaankatu 23;Valkeakoski;37600;61.2833836;23.9609745
FI S908101 EC;T & I Logistics Oy;Ruumyllynkatu 5;Valkeakoski;37360;61.2811835;23.9673307
FI S921100 EC;Toripiha Oy;Oinaskyläntie 2;Vesanto;72300;62.9987556;26.3240405
FI S931100 EC;Viitasaaren kontti;Mustasuontie 11;Viitasaari;44500;63.0837203;25.8528349
FI S934100 EC;Veine Seinäjoki Oy;Vähtärintie 5;Vimpeli;62800;63.1639814;23.8331691
FI S977100 EC;Suomen Viljava Oy;Viljavarastontie 23;Ylivieska;84100;64.0652710;24.5414621
